"","school","sex","age","address","famsize","Pstatus","Medu","Fedu","Mjob","Fjob","reason","guardian","traveltime","studytime","failures","schoolsup","famsup","paid","activities","nursery","higher","internet","romantic","famrel","freetime","goout","health","absences","grade","Class"
"1","GP","F",18,"U","GT3","A",4,4,"at_home","teacher","course","mother",2,2,0,"yes","no","no","no","yes","yes","no","no",4,3,4,3,4,0.44,"1.fine"
"2","GP","F",17,"U","GT3","T",1,1,"at_home","other","course","father",1,2,0,"no","yes","no","no","no","yes","yes","no",5,3,3,3,2,0.44,"1.fine"
"3","GP","F",15,"U","GT3","T",4,2,"health","services","home","mother",1,3,0,"no","yes","no","yes","yes","yes","yes","yes",3,2,2,5,0,0.74,"1.fine"
"4","GP","M",16,"U","LE3","T",2,2,"other","other","home","mother",1,2,0,"no","no","no","no","yes","yes","yes","no",4,4,4,3,0,0.62,"1.fine"
"5","GP","F",17,"U","GT3","A",4,4,"other","teacher","home","mother",2,2,0,"yes","yes","no","no","yes","yes","no","no",4,1,4,1,2,0.49,"1.fine"
"6","GP","M",15,"U","LE3","A",3,2,"services","other","home","mother",1,2,0,"no","yes","no","no","yes","yes","yes","no",4,2,2,1,0,0.92,"1.fine"
"7","GP","M",15,"U","GT3","T",3,4,"other","other","home","mother",1,2,0,"no","yes","no","yes","yes","yes","yes","no",5,5,1,5,0,0.72,"1.fine"
"8","GP","F",15,"U","GT3","T",2,1,"services","other","reputation","father",3,3,0,"no","yes","no","yes","yes","yes","yes","no",5,2,2,4,0,0.64,"1.fine"
"9","GP","M",15,"U","GT3","A",2,2,"other","other","home","other",1,3,0,"no","yes","no","no","yes","yes","yes","yes",4,5,2,3,0,0.79,"1.fine"
"10","GP","F",16,"U","GT3","T",3,3,"other","other","reputation","mother",3,2,0,"yes","yes","no","yes","yes","yes","no","no",5,3,2,4,2,0.62,"1.fine"
"11","GP","M",15,"U","GT3","T",4,3,"teacher","other","reputation","mother",1,2,0,"no","no","no","no","yes","yes","yes","no",4,4,1,1,0,0.74,"1.fine"
"12","GP","M",15,"U","GT3","T",4,4,"health","health","other","father",1,1,0,"no","yes","yes","no","yes","yes","yes","no",5,4,2,5,0,0.69,"1.fine"
"13","GP","F",15,"R","GT3","T",2,4,"services","health","course","mother",1,3,0,"yes","yes","no","yes","yes","yes","yes","no",4,3,2,5,2,0.46,"1.fine"
"14","GP","M",16,"U","LE3","A",3,4,"services","other","home","mother",1,2,0,"yes","yes","yes","yes","yes","yes","yes","no",5,3,3,5,2,0.62,"1.fine"
"15","GP","M",15,"U","GT3","T",4,4,"services","services","reputation","mother",2,2,0,"no","yes","no","yes","yes","yes","yes","no",4,3,1,5,2,0.82,"1.fine"
"16","GP","M",15,"R","GT3","T",4,3,"teacher","at_home","course","mother",1,2,0,"no","yes","no","yes","yes","yes","yes","yes",4,5,2,5,0,0.79,"1.fine"
"17","GP","M",15,"U","LE3","T",3,3,"other","other","course","mother",1,2,0,"no","no","no","yes","no","yes","yes","no",5,3,2,2,0,0.62,"1.fine"
"18","GP","M",16,"U","GT3","T",3,2,"other","other","home","mother",1,1,0,"no","yes","no","no","no","yes","yes","no",5,4,3,5,4,0.69,"1.fine"
"19","GP","F",15,"U","GT3","T",2,3,"other","other","other","father",2,1,0,"no","yes","no","yes","yes","yes","no","no",3,5,1,5,4,0.44,"1.fine"
"20","GP","M",15,"U","LE3","T",4,3,"teacher","services","home","mother",1,3,0,"no","yes","no","yes","yes","yes","yes","no",5,4,3,4,0,0.82,"1.fine"
"21","GP","M",16,"R","GT3","A",4,4,"other","teacher","reputation","mother",2,3,0,"no","yes","no","yes","yes","yes","yes","yes",2,4,3,5,4,0.72,"1.fine"
"22","GP","F",15,"R","GT3","T",3,4,"services","health","course","mother",1,3,0,"yes","yes","no","yes","yes","yes","yes","no",4,3,2,5,2,0.59,"1.fine"
"23","GP","F",15,"R","GT3","T",2,2,"at_home","other","reputation","mother",1,1,0,"yes","yes","no","yes","yes","yes","no","no",4,3,1,2,8,0.64,"1.fine"
"24","GP","M",15,"U","GT3","T",4,4,"services","teacher","course","father",1,2,0,"no","yes","no","yes","yes","yes","yes","no",4,3,3,5,0,0.84,"1.fine"
"25","GP","M",15,"U","GT3","T",2,2,"services","services","course","father",1,1,0,"yes","yes","no","no","yes","yes","yes","no",5,4,1,1,0,0.54,"1.fine"
"26","GP","F",15,"U","LE3","A",4,3,"other","other","course","mother",1,2,0,"yes","yes","yes","yes","yes","yes","yes","yes",5,2,2,5,4,0.44,"1.fine"
"27","GP","M",16,"U","GT3","T",4,3,"health","services","reputation","mother",1,4,0,"no","no","no","yes","yes","yes","yes","no",4,2,2,2,2,0.95,"1.fine"
"28","GP","F",15,"U","GT3","T",4,4,"services","teacher","other","father",1,2,0,"yes","yes","no","yes","no","yes","yes","no",4,4,4,3,2,0.49,"1.fine"
"29","GP","F",15,"U","LE3","T",4,2,"health","other","other","mother",1,2,0,"no","yes","no","no","yes","yes","yes","no",4,3,3,5,0,0.75,"1.fine"
"30","GP","F",16,"U","GT3","A",2,1,"other","other","other","mother",1,2,0,"no","no","no","yes","yes","yes","yes","yes",5,3,4,2,2,0.57,"1.fine"
"31","GP","F",15,"U","GT3","A",4,3,"services","services","reputation","mother",1,2,0,"no","yes","no","yes","yes","yes","yes","no",4,3,2,1,0,0.77,"1.fine"
"32","GP","M",15,"U","GT3","T",4,4,"teacher","health","reputation","mother",1,2,0,"no","yes","no","yes","yes","yes","no","no",3,2,2,5,8,0.8,"1.fine"
"33","GP","M",15,"U","LE3","T",1,2,"other","at_home","home","father",1,2,0,"yes","yes","no","yes","yes","yes","yes","no",4,3,2,5,0,0.59,"1.fine"
"34","GP","F",16,"U","GT3","T",4,2,"services","other","course","mother",1,2,0,"no","yes","yes","no","yes","yes","yes","no",4,2,3,5,2,0.82,"1.fine"
"35","GP","F",16,"U","LE3","T",1,2,"other","services","reputation","father",1,2,0,"yes","no","no","yes","yes","yes","yes","no",4,4,3,1,0,0.49,"1.fine"
"36","GP","M",16,"U","GT3","T",3,1,"other","other","reputation","father",2,4,0,"no","yes","no","no","yes","yes","yes","no",4,3,2,5,2,0.66,"1.fine"
"37","GP","M",15,"U","GT3","T",4,2,"other","other","course","mother",1,4,0,"no","no","no","no","yes","yes","yes","no",3,3,3,3,0,0.51,"1.fine"
"38","GP","M",15,"U","GT3","T",4,0,"teacher","other","course","mother",2,4,0,"no","no","no","yes","yes","yes","yes","no",3,4,3,1,0,0.54,"1.fine"
"39","GP","M",17,"U","GT3","T",2,1,"other","other","home","mother",2,1,3,"yes","yes","no","yes","yes","no","yes","no",4,5,1,3,0,0.51,"1.fine"
"40","GP","M",17,"U","GT3","T",2,1,"other","other","home","mother",2,1,3,"yes","yes","no","yes","yes","no","yes","no",4,5,1,3,0,0.26,"1.fine"
"41","GP","F",15,"U","LE3","T",3,2,"services","other","reputation","mother",1,2,0,"no","yes","no","no","yes","yes","yes","no",4,4,4,5,4,0.44,"1.fine"
"42","GP","M",16,"U","GT3","T",2,2,"services","other","reputation","father",2,2,0,"no","no","no","yes","no","yes","yes","no",4,4,2,3,6,0.54,"1.fine"
"43","GP","F",16,"U","GT3","T",4,2,"teacher","services","home","mother",2,2,0,"no","yes","no","yes","yes","yes","yes","no",5,3,3,1,2,0.62,"1.fine"
"44","GP","M",15,"U","LE3","T",2,2,"services","health","reputation","mother",1,4,0,"no","yes","no","yes","yes","yes","yes","no",4,3,4,4,2,0.67,"1.fine"
"45","GP","F",15,"R","GT3","T",1,1,"at_home","other","home","mother",2,4,0,"yes","yes","yes","yes","yes","yes","yes","no",3,1,2,1,4,0.59,"1.fine"
"46","GP","M",16,"R","GT3","T",4,3,"services","other","reputation","mother",2,1,0,"yes","yes","yes","yes","no","yes","yes","no",3,3,3,4,6,0.66,"1.fine"
"47","GP","F",16,"U","GT3","T",2,1,"other","other","course","mother",1,2,0,"no","yes","no","no","yes","yes","no","yes",4,3,5,5,0,0.57,"1.fine"
"48","GP","F",16,"U","GT3","T",4,3,"other","at_home","course","mother",1,3,0,"yes","yes","no","no","yes","yes","yes","no",5,3,5,3,2,0.54,"1.fine"
"49","GP","M",16,"U","GT3","T",4,4,"services","teacher","other","father",1,3,0,"no","yes","no","yes","yes","yes","yes","yes",4,4,3,4,0,0.85,"1.fine"
"50","GP","M",15,"U","GT3","T",4,4,"services","other","course","mother",1,1,0,"no","yes","yes","yes","no","yes","yes","no",5,3,3,5,2,0.67,"1.fine"
"51","GP","F",15,"U","GT3","T",3,2,"services","other","home","mother",2,2,0,"yes","yes","no","no","yes","yes","yes","no",4,3,5,2,16,0.41,"1.fine"
"52","GP","M",15,"U","GT3","A",3,4,"services","other","course","mother",1,2,0,"no","yes","no","yes","yes","yes","yes","no",5,4,4,1,0,0.87,"1.fine"
"53","GP","F",15,"U","GT3","A",3,3,"other","health","reputation","father",1,4,0,"yes","no","no","no","yes","yes","no","no",4,3,3,4,10,0.54,"1.fine"
"54","GP","F",15,"U","GT3","T",2,2,"other","other","course","mother",1,4,0,"yes","yes","no","no","yes","yes","yes","no",5,1,2,3,4,0.46,"1.fine"
"55","GP","M",16,"U","GT3","T",3,3,"services","other","home","father",1,3,0,"no","yes","no","yes","yes","yes","yes","no",5,3,3,5,4,0.82,"1.fine"
"56","GP","M",16,"U","GT3","T",3,3,"services","other","home","father",1,3,0,"no","yes","no","yes","yes","yes","yes","no",5,3,3,5,4,0.67,"1.fine"
"57","GP","F",16,"U","LE3","T",4,4,"health","health","other","mother",1,3,0,"no","yes","no","yes","yes","yes","yes","yes",5,4,5,4,2,0.77,"1.fine"
"58","GP","M",15,"U","LE3","A",4,4,"teacher","teacher","course","mother",1,1,0,"no","no","no","yes","yes","yes","yes","no",5,5,3,4,4,0.84,"1.fine"
"59","GP","F",16,"R","GT3","T",3,3,"services","other","reputation","father",1,3,0,"yes","yes","no","yes","yes","yes","yes","no",4,1,2,2,4,0.54,"1.fine"
"60","GP","F",16,"U","GT3","T",2,2,"at_home","other","home","mother",1,2,1,"yes","no","no","yes","yes","yes","yes","no",3,1,2,5,12,0.59,"1.fine"
"61","GP","M",15,"U","LE3","T",4,2,"teacher","other","course","mother",1,1,0,"no","no","no","no","yes","yes","yes","no",3,5,2,3,10,0.95,"1.fine"
"62","GP","M",15,"R","GT3","T",2,1,"health","services","reputation","mother",1,2,0,"no","no","no","yes","yes","yes","yes","yes",5,4,2,5,4,0.49,"1.fine"
"63","GP","M",15,"U","GT3","T",4,4,"other","teacher","reputation","father",2,2,0,"no","yes","no","yes","yes","yes","no","no",4,4,3,2,4,0.77,"1.fine"
"64","GP","M",16,"U","GT3","T",3,3,"other","services","home","father",2,1,0,"no","no","no","yes","yes","yes","yes","no",5,4,2,5,6,0.72,"1.fine"
"65","GP","F",16,"U","GT3","T",2,2,"other","other","home","mother",1,2,0,"no","no","no","no","yes","yes","yes","yes",5,4,4,5,0,0.49,"1.fine"
"66","GP","F",15,"U","LE3","A",3,4,"other","other","home","mother",1,2,0,"yes","no","no","yes","yes","yes","yes","yes",5,3,2,1,0,0.56,"1.fine"
"67","GP","F",19,"U","GT3","T",0,1,"at_home","other","course","other",1,2,2,"no","yes","no","no","no","no","no","no",3,4,2,5,0,0.51,"1.fine"
"68","GP","M",15,"R","GT3","T",3,4,"at_home","teacher","course","mother",4,2,0,"no","yes","no","no","yes","yes","no","yes",5,3,3,5,2,0.29,"1.fine"
"69","GP","F",15,"U","GT3","T",4,4,"services","at_home","course","mother",1,3,0,"no","yes","no","yes","yes","yes","yes","yes",4,3,3,5,4,0.39,"1.fine"
"70","GP","F",16,"U","GT3","A",3,3,"other","other","course","other",2,1,0,"no","yes","no","yes","no","yes","yes","yes",4,3,2,5,4,0.26,"1.fine"
"71","GP","F",15,"U","GT3","T",4,4,"teacher","teacher","course","mother",2,1,0,"no","no","no","yes","yes","yes","yes","no",4,3,2,5,6,0.74,"1.fine"
"72","GP","M",15,"U","GT3","T",4,3,"teacher","services","course","father",2,4,0,"yes","yes","no","no","yes","yes","yes","no",2,2,2,3,6,0.29,"1.fine"
"73","GP","F",15,"U","GT3","T",4,4,"teacher","services","course","mother",1,3,0,"no","yes","no","yes","yes","yes","yes","no",4,2,2,5,2,0.62,"1.fine"
"74","GP","F",15,"U","GT3","T",3,2,"health","services","home","father",1,2,1,"no","yes","no","no","yes","yes","yes","no",3,3,2,3,2,0.29,"1.fine"
"75","GP","F",15,"U","GT3","T",1,2,"at_home","other","course","mother",1,2,0,"no","yes","no","no","no","yes","yes","no",4,3,2,5,6,0.62,"1.fine"
"76","GP","M",19,"U","GT3","T",3,2,"services","at_home","home","mother",1,1,0,"no","yes","no","no","yes","no","yes","yes",4,5,4,4,6,0.29,"1.fine"
"77","GP","F",17,"U","GT3","T",4,4,"other","teacher","course","mother",1,1,0,"yes","yes","no","no","yes","yes","no","yes",4,2,1,4,0,0.64,"1.fine"
"78","GP","M",15,"R","GT3","T",2,3,"at_home","services","course","mother",1,2,0,"yes","no","yes","yes","yes","yes","no","no",4,4,4,1,0,0.41,"1.fine"
"79","GP","F",16,"U","GT3","T",4,2,"health","services","home","father",1,2,0,"no","no","no","no","yes","yes","yes","yes",4,2,3,3,0,0.87,"1.fine"
"80","GP","F",16,"U","GT3","T",2,2,"other","other","home","mother",1,2,0,"no","yes","no","no","no","yes","yes","no",5,1,5,4,0,0.34,"1.fine"
"81","GP","F",16,"U","GT3","T",4,4,"health","health","reputation","mother",1,2,0,"no","yes","no","no","yes","yes","yes","yes",4,4,2,3,0,0.8,"1.fine"
"82","GP","M",16,"U","GT3","T",1,0,"other","other","reputation","mother",2,2,0,"no","yes","no","yes","yes","yes","yes","yes",4,3,2,3,0,0.87,"1.fine"
"83","GP","F",16,"U","GT3","T",1,3,"at_home","services","home","mother",1,2,0,"no","no","no","yes","no","yes","yes","yes",4,3,5,3,0,0.34,"1.fine"
"84","GP","F",16,"U","LE3","T",3,3,"other","other","reputation","mother",2,2,0,"no","yes","no","yes","yes","yes","yes","no",4,4,5,4,0,0.62,"1.fine"
"85","GP","M",17,"U","GT3","T",4,3,"other","other","course","mother",1,2,0,"no","yes","yes","yes","yes","yes","yes","yes",5,2,3,2,4,0.62,"1.fine"
"86","GP","F",16,"U","GT3","T",2,3,"services","services","course","mother",1,2,0,"no","no","no","no","yes","yes","yes","no",4,3,3,2,6,0.67,"1.fine"
"87","GP","F",17,"U","GT3","T",1,1,"at_home","services","course","mother",1,2,0,"no","no","no","yes","yes","yes","yes","no",5,3,3,3,0,0.54,"1.fine"
"88","GP","M",16,"U","GT3","T",2,3,"other","other","home","father",2,1,0,"no","no","no","no","yes","yes","yes","no",5,3,3,3,0,0.67,"1.fine"
"89","GP","F",17,"U","LE3","T",2,4,"services","services","course","father",1,2,0,"no","no","no","yes","yes","yes","yes","yes",4,3,2,5,8,0.8,"1.fine"
"90","GP","F",16,"R","GT3","T",2,2,"services","services","reputation","mother",2,4,0,"no","yes","no","yes","no","yes","yes","no",5,3,5,5,6,0.62,"1.fine"
"91","GP","F",16,"U","GT3","T",4,3,"teacher","other","other","mother",1,2,0,"no","no","no","yes","yes","yes","yes","yes",1,3,2,1,4,0.72,"1.fine"
"92","GP","F",17,"R","GT3","T",4,3,"teacher","other","reputation","mother",2,3,0,"no","yes","no","yes","yes","yes","yes","yes",4,4,2,4,0,0.49,"1.fine"
"93","GP","F",16,"U","GT3","A",2,2,"other","other","reputation","mother",1,2,0,"yes","yes","no","no","yes","yes","yes","no",3,3,4,4,0,0.69,"1.fine"
"94","GP","F",17,"U","GT3","T",2,2,"at_home","at_home","course","mother",1,3,0,"no","yes","no","yes","yes","yes","yes","no",4,3,3,4,0,0.59,"1.fine"
"95","GP","F",17,"U","GT3","T",1,1,"at_home","other","reputation","mother",1,3,0,"no","yes","no","yes","yes","yes","no","yes",4,3,4,5,12,0.32,"1.fine"
"96","GP","F",16,"U","GT3","T",2,3,"services","teacher","other","mother",1,2,0,"yes","no","no","no","yes","yes","yes","no",2,3,1,3,0,0.79,"1.fine"
"97","GP","F",16,"U","GT3","T",4,4,"teacher","services","home","mother",1,3,0,"no","yes","no","yes","no","yes","yes","no",5,3,2,5,4,0.77,"1.fine"
"98","GP","F",18,"R","GT3","T",3,1,"other","other","reputation","mother",1,2,0,"no","no","no","yes","yes","yes","yes","yes",5,3,3,4,4,0.39,"1.fine"
"99","GP","M",17,"R","GT3","T",2,2,"other","other","course","father",2,2,0,"no","yes","no","yes","yes","yes","yes","no",4,5,2,1,0,0.62,"1.fine"
"100","GP","M",16,"U","LE3","T",1,1,"other","other","home","mother",2,2,0,"no","yes","no","no","yes","yes","yes","no",3,4,2,5,2,0.39,"1.fine"
"101","GP","F",16,"U","GT3","T",2,1,"other","other","home","mother",1,1,0,"no","no","no","no","yes","yes","yes","yes",4,5,2,5,4,0.56,"1.fine"
"102","GP","F",17,"R","GT3","T",2,1,"at_home","services","course","mother",3,2,0,"no","no","no","yes","yes","yes","no","no",2,1,1,3,2,0.62,"1.fine"
"103","GP","M",16,"U","LE3","T",4,3,"teacher","other","course","mother",1,1,0,"no","no","no","yes","no","yes","yes","no",5,4,5,3,7,0.39,"1.fine"
"104","GP","F",18,"U","GT3","T",2,1,"other","other","course","other",2,3,0,"no","yes","no","no","no","yes","yes","yes",4,4,4,3,10,0.29,"1.fine"
"105","GP","M",16,"U","GT3","T",2,1,"other","other","course","mother",3,1,0,"no","no","no","no","yes","yes","yes","no",4,3,3,4,7,0.87,"1.fine"
"106","GP","M",17,"U","GT3","T",2,3,"other","other","course","father",2,1,0,"no","no","no","no","yes","yes","yes","no",5,2,2,2,2,0.67,"1.fine"
"107","GP","F",17,"U","LE3","T",4,2,"teacher","services","reputation","mother",1,4,0,"no","yes","no","yes","yes","yes","yes","no",4,2,3,4,2,0.77,"1.fine"
"108","GP","M",19,"U","LE3","A",4,3,"services","at_home","reputation","mother",1,2,0,"no","yes","no","no","yes","yes","yes","no",4,3,1,1,4,0.64,"1.fine"
"109","GP","F",17,"U","LE3","T",2,2,"services","services","course","father",1,4,0,"no","no","no","yes","yes","yes","yes","yes",3,4,1,2,2,0.32,"1.fine"
"110","GP","M",18,"U","GT3","T",4,3,"teacher","other","course","mother",1,2,0,"no","yes","no","no","no","yes","yes","no",4,3,2,3,2,0.49,"1.fine"
"111","GP","M",18,"R","GT3","T",3,2,"other","other","course","mother",1,3,0,"no","no","no","yes","no","yes","no","no",5,3,2,3,2,0.62,"1.fine"
"112","GP","F",17,"U","GT3","T",3,3,"other","other","home","mother",1,3,0,"no","no","no","yes","no","yes","no","no",3,2,3,4,2,0.57,"1.fine"
"113","GP","F",18,"U","GT3","T",2,2,"at_home","services","home","mother",1,3,0,"no","yes","no","yes","yes","yes","yes","yes",4,3,3,3,0,0.34,"1.fine"
"114","GP","F",18,"U","LE3","T",1,1,"other","other","home","mother",2,2,0,"no","yes","no","no","no","yes","no","no",4,4,3,3,2,0.62,"1.fine"
"115","GP","F",17,"U","GT3","T",2,4,"at_home","health","reputation","mother",2,2,0,"no","yes","no","no","yes","yes","yes","yes",4,3,3,1,6,0.67,"1.fine"
"116","GP","F",18,"R","GT3","A",3,2,"other","services","home","mother",2,2,0,"no","no","no","no","no","no","yes","yes",4,1,1,5,15,0.49,"1.fine"
"117","GP","F",18,"U","GT3","T",4,4,"health","health","reputation","father",1,2,1,"yes","yes","no","yes","yes","yes","yes","yes",2,4,4,4,2,0.54,"1.fine"
"118","GP","F",18,"R","LE3","T",1,1,"at_home","other","reputation","mother",2,4,0,"no","yes","no","yes","yes","yes","no","no",5,2,2,3,2,0.77,"1.fine"
"119","GP","F",18,"U","GT3","T",1,1,"other","other","home","mother",2,2,0,"yes","no","no","yes","yes","yes","yes","no",5,4,4,4,0,0.59,"1.fine"
"120","GP","F",17,"U","GT3","T",1,1,"services","teacher","reputation","mother",1,3,0,"no","yes","no","no","yes","yes","yes","no",4,3,3,3,0,0.67,"1.fine"
"121","GP","M",18,"U","LE3","A",4,4,"teacher","teacher","reputation","mother",1,2,0,"no","yes","no","yes","yes","yes","yes","no",5,4,3,2,0,0.82,"1.fine"
"122","GP","F",17,"R","LE3","T",3,1,"services","other","reputation","mother",2,4,0,"no","yes","no","no","yes","yes","no","no",3,1,2,3,0,0.95,"1.fine"
"123","GP","M",18,"R","LE3","T",3,2,"services","other","reputation","mother",2,3,0,"no","yes","no","yes","yes","yes","yes","no",5,4,2,4,0,0.74,"1.fine"
"124","GP","F",18,"U","GT3","T",4,3,"other","other","reputation","father",1,4,0,"no","yes","no","no","yes","yes","yes","no",4,3,3,3,0,0.8,"1.fine"
"125","GP","F",18,"U","LE3","A",4,4,"health","other","home","mother",1,2,0,"no","yes","yes","no","yes","yes","yes","yes",4,2,4,4,0,0.67,"1.fine"
"126","GP","F",17,"U","GT3","T",4,2,"other","other","reputation","mother",2,3,0,"no","yes","no","no","yes","yes","yes","no",4,3,3,3,0,0.77,"1.fine"
"127","GP","M",20,"U","GT3","A",3,2,"services","other","course","other",1,1,2,"no","no","no","yes","yes","yes","no","no",5,5,3,5,0,0.84,"1.fine"
"128","GP","F",18,"U","GT3","T",4,3,"other","other","course","mother",1,3,0,"no","yes","no","yes","yes","yes","yes","yes",4,3,4,5,2,0.67,"1.fine"
"129","GP","F",17,"U","GT3","T",2,2,"other","other","course","mother",1,2,0,"no","yes","no","no","yes","yes","no","yes",4,2,2,3,4,0.57,"1.fine"
"130","GP","F",17,"R","GT3","T",2,4,"at_home","other","course","father",1,3,0,"no","yes","no","no","yes","yes","yes","yes",4,4,3,5,0,0.74,"1.fine"
"131","GP","F",18,"U","GT3","T",3,3,"services","services","home","mother",1,2,0,"no","no","no","yes","yes","yes","yes","no",5,3,4,4,8,0.32,"1.fine"
"132","GP","F",18,"U","LE3","T",2,2,"other","other","home","other",1,2,0,"no","no","no","yes","no","yes","yes","yes",4,3,3,2,0,0.32,"1.fine"
"133","GP","F",18,"R","GT3","T",2,2,"at_home","other","course","mother",2,4,0,"no","no","no","yes","yes","yes","no","no",4,4,4,4,6,0.37,"1.fine"
"134","GP","F",18,"U","LE3","T",3,3,"services","services","home","mother",1,4,0,"no","yes","no","no","yes","yes","yes","no",5,3,3,1,4,0.82,"1.fine"
"135","MS","F",18,"U","GT3","T",3,3,"services","services","course","father",1,2,0,"no","yes","no","no","yes","yes","no","yes",5,3,4,5,0,0.49,"1.fine"
"136","MS","F",18,"U","LE3","T",1,1,"at_home","services","course","father",2,3,0,"no","no","no","no","yes","yes","yes","no",5,3,2,4,0,0.87,"1.fine"
"137","MS","F",17,"U","LE3","T",4,4,"at_home","at_home","course","mother",1,2,0,"no","yes","no","yes","yes","yes","yes","yes",2,3,4,1,4,0.77,"1.fine"
"138","MS","F",17,"U","GT3","T",2,2,"other","at_home","home","mother",1,3,0,"no","no","no","yes","yes","yes","no","yes",3,4,3,3,8,0.59,"1.fine"
"139","MS","F",18,"R","LE3","T",4,4,"other","other","reputation","mother",2,3,0,"no","no","no","no","yes","yes","yes","no",5,4,4,1,0,0.92,"1.fine"
"140","MS","M",17,"U","GT3","T",2,3,"other","services","home","father",2,2,0,"no","no","no","yes","yes","yes","yes","no",4,4,3,3,4,0.67,"1.fine"
"141","MS","F",18,"U","LE3","T",3,1,"teacher","services","course","mother",1,2,0,"no","yes","no","no","yes","yes","yes","no",4,3,4,1,4,0.62,"1.fine"
"142","MS","F",18,"U","GT3","T",1,1,"other","other","course","mother",2,2,0,"no","no","no","yes","yes","yes","no","no",1,1,1,5,6,0.24,"1.fine"
"143","GP","F",16,"U","GT3","T",3,3,"other","other","home","father",1,2,0,"no","yes","no","no","yes","yes","no","no",4,3,2,5,0,0.59,"2.acceptable"
"144","GP","M",16,"U","LE3","T",4,3,"services","other","reputation","mother",1,2,0,"no","yes","no","yes","yes","yes","yes","no",5,4,2,5,6,0.72,"2.acceptable"
"145","GP","F",15,"U","GT3","T",4,4,"teacher","health","reputation","mother",1,2,0,"no","yes","no","no","yes","yes","yes","no",3,3,3,2,2,0.59,"2.acceptable"
"146","GP","M",15,"U","GT3","T",4,3,"teacher","other","course","mother",2,2,0,"no","yes","no","no","yes","yes","yes","no",5,4,3,3,0,0.62,"2.acceptable"
"147","GP","F",16,"U","GT3","T",4,4,"health","other","home","mother",1,1,0,"no","yes","no","no","yes","yes","yes","no",4,4,4,2,6,0.8,"2.acceptable"
"148","GP","F",16,"U","GT3","T",4,4,"services","services","reputation","mother",1,3,0,"no","yes","no","yes","yes","yes","yes","no",3,2,3,2,10,0.72,"2.acceptable"
"149","GP","M",15,"U","GT3","T",2,2,"other","other","home","mother",1,1,0,"no","yes","no","no","yes","yes","yes","no",4,2,2,5,8,0.59,"2.acceptable"
"150","GP","F",16,"U","LE3","T",2,2,"other","other","home","mother",2,2,0,"no","yes","no","yes","no","yes","yes","yes",3,3,3,3,16,0.54,"2.acceptable"
"151","GP","F",16,"U","LE3","T",4,3,"teacher","services","course","mother",3,2,0,"no","yes","no","yes","yes","yes","yes","no",5,4,3,1,2,0.8,"2.acceptable"
"152","GP","F",16,"U","GT3","T",3,1,"services","other","course","mother",1,4,0,"yes","yes","no","no","yes","yes","yes","no",4,3,3,5,0,0.41,"2.acceptable"
"153","GP","F",16,"U","GT3","T",3,4,"at_home","other","course","mother",1,2,0,"no","yes","no","no","yes","yes","yes","no",2,4,3,3,14,0.41,"2.acceptable"
"154","GP","M",15,"U","GT3","T",2,3,"other","other","home","mother",1,3,0,"yes","no","no","no","no","yes","yes","no",5,3,2,5,2,0.51,"2.acceptable"
"155","GP","F",16,"U","LE3","T",2,2,"at_home","other","course","mother",1,2,0,"no","yes","no","no","yes","yes","no","no",4,3,4,2,6,0.44,"2.acceptable"
"156","GP","F",16,"U","GT3","T",4,4,"other","other","reputation","mother",1,1,0,"no","no","no","yes","no","yes","yes","no",5,3,4,1,4,0.69,"2.acceptable"
"157","GP","M",16,"U","GT3","T",4,4,"teacher","teacher","course","father",1,2,0,"no","yes","no","yes","yes","yes","yes","no",5,4,4,5,6,0.77,"2.acceptable"
"158","GP","M",16,"U","GT3","T",4,4,"teacher","teacher","course","father",1,2,0,"no","yes","no","yes","yes","yes","yes","no",5,4,4,5,6,0.37,"2.acceptable"
"159","GP","M",15,"U","GT3","T",3,4,"other","other","reputation","father",1,1,0,"no","no","no","no","yes","yes","yes","no",3,4,3,4,2,0.69,"2.acceptable"
"160","GP","F",15,"U","GT3","T",1,2,"at_home","services","course","mother",1,2,0,"no","no","no","no","no","yes","yes","no",3,2,3,1,0,0.74,"2.acceptable"
"161","GP","M",15,"U","GT3","T",2,2,"services","services","home","father",1,4,0,"no","yes","no","yes","yes","yes","yes","no",5,5,4,5,6,0.72,"2.acceptable"
"162","GP","F",16,"U","LE3","T",2,4,"other","health","course","father",2,2,0,"no","yes","no","yes","yes","yes","yes","yes",4,2,2,5,2,0.67,"2.acceptable"
"163","GP","F",15,"U","GT3","T",1,1,"at_home","other","course","mother",3,1,0,"no","yes","no","yes","no","yes","yes","yes",4,3,3,4,6,0.34,"2.acceptable"
"164","GP","M",17,"U","GT3","T",2,1,"other","other","home","mother",1,1,0,"no","yes","no","no","yes","yes","yes","no",5,4,5,5,22,0.41,"2.acceptable"
"165","GP","M",17,"U","GT3","T",2,1,"other","other","home","mother",1,1,0,"no","yes","no","no","yes","yes","yes","no",5,4,5,5,22,0.16,"2.acceptable"
"166","GP","F",15,"U","GT3","T",1,1,"other","services","course","father",1,2,0,"no","yes","no","no","yes","yes","yes","no",4,4,2,5,0,0.59,"2.acceptable"
"167","GP","M",16,"U","GT3","T",4,4,"teacher","teacher","course","mother",1,1,0,"no","yes","no","no","yes","no","yes","yes",3,3,2,5,16,0.61,"2.acceptable"
"168","GP","M",16,"U","GT3","T",4,4,"teacher","teacher","course","mother",1,1,0,"no","yes","no","no","yes","no","yes","yes",3,3,2,5,16,0.21,"2.acceptable"
"169","GP","M",16,"R","GT3","T",2,2,"at_home","other","course","mother",3,1,0,"no","no","no","no","no","yes","no","no",4,2,2,3,4,0.66,"2.acceptable"
"170","GP","M",16,"U","GT3","T",3,3,"services","other","home","mother",1,2,0,"no","no","no","yes","yes","yes","yes","yes",4,2,3,3,0,0.79,"2.acceptable"
"171","GP","M",16,"U","GT3","T",3,3,"services","other","home","mother",1,2,0,"no","no","no","yes","yes","yes","yes","yes",4,2,3,3,0,0.64,"2.acceptable"
"172","GP","F",16,"U","GT3","T",3,2,"other","other","reputation","mother",1,2,0,"no","yes","no","no","yes","yes","yes","no",1,2,2,1,8,0.72,"2.acceptable"
"173","GP","M",16,"U","GT3","T",1,2,"services","services","other","mother",1,1,0,"no","yes","no","yes","yes","yes","yes","yes",3,3,3,3,0,0.56,"2.acceptable"
"174","GP","M",16,"U","LE3","T",2,1,"other","other","course","mother",1,2,0,"no","no","no","yes","yes","yes","yes","yes",4,2,3,5,0,0.8,"2.acceptable"
"175","GP","M",17,"U","GT3","T",4,4,"services","teacher","home","mother",1,1,0,"no","no","no","no","yes","yes","yes","no",5,2,3,5,4,0.77,"2.acceptable"
"176","GP","F",16,"U","LE3","T",4,4,"teacher","teacher","reputation","mother",1,2,0,"no","yes","no","no","yes","yes","yes","no",4,5,2,3,0,0.54,"2.acceptable"
"177","GP","F",17,"R","GT3","T",2,2,"other","other","reputation","mother",1,1,0,"no","yes","no","no","yes","yes","yes","no",5,3,2,3,21,0.49,"2.acceptable"
"178","GP","F",19,"U","GT3","T",3,3,"other","other","reputation","other",1,4,0,"no","yes","no","yes","yes","yes","yes","no",4,3,3,3,4,0.52,"2.acceptable"
"179","GP","F",17,"R","LE3","T",4,4,"services","other","other","mother",1,1,0,"no","yes","no","no","yes","yes","no","no",5,2,1,3,6,0.54,"2.acceptable"
"180","GP","F",17,"R","GT3","T",2,1,"at_home","services","reputation","mother",2,2,0,"no","yes","no","yes","yes","yes","yes","no",4,2,5,5,0,0.44,"2.acceptable"
"181","GP","F",17,"U","GT3","A",2,1,"other","other","course","mother",2,3,0,"no","no","no","yes","yes","yes","yes","yes",3,2,3,3,0,0.72,"2.acceptable"
"182","GP","F",17,"U","LE3","T",4,3,"health","other","reputation","father",1,2,0,"no","no","no","yes","yes","yes","yes","yes",3,2,3,3,0,0.67,"2.acceptable"
"183","GP","M",16,"U","GT3","T",4,4,"services","services","course","mother",1,1,0,"no","no","yes","yes","yes","yes","yes","no",5,3,2,5,4,0.69,"2.acceptable"
"184","GP","M",17,"U","LE3","T",1,1,"health","other","course","mother",2,1,1,"no","yes","no","yes","yes","yes","yes","no",4,4,4,5,0,0.46,"2.acceptable"
"185","GP","M",18,"U","GT3","T",2,1,"other","other","home","mother",1,2,0,"no","no","no","yes","yes","yes","yes","no",5,2,4,4,2,0.77,"2.acceptable"
"186","GP","F",18,"R","GT3","T",2,1,"other","other","reputation","mother",2,2,0,"no","yes","no","no","yes","no","yes","yes",4,3,5,3,12,0.26,"2.acceptable"
"187","GP","M",18,"U","LE3","T",4,3,"teacher","services","course","mother",2,1,0,"no","no","no","yes","yes","yes","yes","no",4,2,3,1,0,0.51,"2.acceptable"
"188","GP","F",17,"U","GT3","T",2,2,"other","other","course","mother",1,2,0,"no","yes","no","no","no","yes","yes","no",5,4,5,5,12,0.64,"2.acceptable"
"189","GP","M",17,"U","GT3","T",1,1,"other","other","reputation","father",1,2,0,"no","no","no","no","no","yes","yes","no",4,3,3,4,0,0.59,"2.acceptable"
"190","GP","F",18,"U","GT3","T",2,2,"at_home","at_home","other","mother",1,3,0,"no","yes","no","no","yes","yes","yes","no",4,3,3,2,0,0.95,"2.acceptable"
"191","GP","F",17,"U","GT3","T",4,3,"health","services","reputation","mother",1,3,0,"no","yes","no","no","yes","yes","yes","no",4,2,2,3,0,0.85,"2.acceptable"
"192","GP","F",18,"U","LE3","T",4,3,"other","other","home","other",2,2,0,"no","yes","no","no","yes","yes","yes","yes",4,4,5,2,0,0.57,"2.acceptable"
"193","GP","F",17,"U","GT3","T",3,2,"health","health","reputation","father",1,4,0,"no","yes","no","yes","no","yes","yes","no",5,2,2,5,0,0.92,"2.acceptable"
"194","GP","M",19,"R","GT3","T",3,3,"other","services","reputation","father",1,2,0,"no","no","no","yes","yes","yes","no","yes",4,5,3,5,0,0.59,"2.acceptable"
"195","GP","F",18,"U","GT3","T",2,1,"services","other","course","mother",2,2,0,"no","yes","no","yes","yes","yes","yes","no",5,3,3,1,2,0.39,"2.acceptable"
"196","GP","F",17,"U","GT3","A",4,3,"services","services","course","mother",1,2,0,"no","yes","no","no","yes","yes","yes","yes",5,2,2,5,14,0.77,"2.acceptable"
"197","GP","F",18,"U","GT3","T",1,1,"other","other","home","mother",2,3,0,"no","no","no","yes","yes","yes","yes","no",4,5,5,2,0,0.62,"2.acceptable"
"198","GP","F",17,"U","GT3","T",4,4,"teacher","teacher","course","mother",2,3,0,"no","yes","no","no","no","yes","yes","yes",4,3,3,4,4,0.74,"2.acceptable"
"199","GP","F",17,"U","GT3","A",2,2,"at_home","at_home","home","father",1,2,0,"no","yes","no","no","yes","yes","yes","yes",3,3,1,4,18,0.37,"2.acceptable"
"200","GP","F",18,"U","GT3","T",2,3,"at_home","other","course","mother",1,3,0,"no","yes","no","no","yes","yes","yes","no",4,3,3,3,0,0.62,"2.acceptable"
"201","GP","M",18,"R","GT3","T",4,3,"teacher","services","course","mother",1,3,0,"no","no","no","no","yes","yes","yes","yes",5,3,2,4,4,0.85,"2.acceptable"
"202","MS","F",17,"R","GT3","T",4,4,"teacher","services","other","father",2,2,0,"no","yes","yes","yes","yes","yes","yes","no",4,3,3,5,2,0.64,"2.acceptable"
"203","MS","F",17,"U","LE3","A",3,2,"services","other","reputation","mother",2,2,0,"no","no","no","no","yes","yes","no","yes",1,2,3,5,0,0.67,"2.acceptable"
"204","MS","M",18,"U","LE3","T",1,1,"other","services","home","father",2,1,0,"no","no","no","no","no","yes","yes","yes",3,3,2,3,2,0.62,"2.acceptable"
"205","MS","F",17,"R","GT3","T",1,2,"other","services","course","father",2,2,0,"no","no","no","no","no","yes","no","no",3,2,2,3,0,0.64,"2.acceptable"
"206","MS","F",17,"R","GT3","T",1,1,"other","services","reputation","mother",3,1,1,"no","yes","no","no","yes","yes","yes","yes",5,2,1,1,0,0.24,"2.acceptable"
"207","MS","F",18,"U","GT3","T",2,3,"at_home","services","course","father",2,1,0,"no","yes","no","no","yes","yes","yes","yes",5,2,3,4,0,0.51,"2.acceptable"
"208","MS","F",18,"R","GT3","T",1,1,"other","other","home","mother",4,3,0,"no","no","no","no","yes","yes","yes","no",4,3,2,4,4,0.57,"2.acceptable"
"209","MS","F",18,"U","GT3","T",3,3,"other","other","home","mother",1,2,0,"no","no","no","no","yes","yes","yes","yes",4,1,3,1,1,0.8,"2.acceptable"
"210","MS","F",19,"R","GT3","T",2,3,"services","other","course","mother",1,3,1,"no","no","no","yes","no","yes","yes","no",5,4,2,5,4,0.26,"2.acceptable"
"211","GP","M",16,"U","GT3","T",3,3,"services","other","home","mother",1,2,0,"no","no","no","yes","yes","yes","yes","yes",4,2,3,3,0,0.64,"2.acceptable"
"212","GP","F",17,"R","LE3","T",4,4,"services","other","other","mother",1,1,0,"no","yes","no","no","yes","yes","no","no",5,2,1,3,6,0.54,"2.acceptable"
"213","GP","F",17,"R","GT3","T",2,1,"at_home","services","reputation","mother",2,2,0,"no","yes","no","yes","yes","yes","yes","no",4,2,5,5,0,0.44,"2.acceptable"
"214","GP","F",15,"U","GT3","T",1,1,"other","services","course","father",1,2,0,"no","yes","no","no","yes","yes","yes","no",4,4,2,5,0,0.59,"2.acceptable"
"215","GP","M",17,"U","GT3","T",1,1,"other","other","reputation","father",1,2,0,"no","no","no","no","no","yes","yes","no",4,3,3,4,0,0.59,"2.acceptable"
"216","GP","M",17,"U","GT3","T",2,1,"other","other","home","mother",1,1,0,"no","yes","no","no","yes","yes","yes","no",5,4,5,5,22,0.41,"2.acceptable"
"217","GP","F",16,"U","GT3","T",3,1,"services","other","course","mother",1,4,0,"yes","yes","no","no","yes","yes","yes","no",4,3,3,5,0,0.41,"2.acceptable"
"218","GP","M",17,"U","GT3","T",1,1,"other","other","reputation","father",1,2,0,"no","no","no","no","no","yes","yes","no",4,3,3,4,0,0.59,"2.acceptable"
"219","GP","M",15,"U","GT3","T",2,3,"other","other","home","mother",1,3,0,"yes","no","no","no","no","yes","yes","no",5,3,2,5,2,0.51,"2.acceptable"
"220","GP","F",17,"U","GT3","T",4,3,"health","services","reputation","mother",1,3,0,"no","yes","no","no","yes","yes","yes","no",4,2,2,3,0,0.85,"2.acceptable"
"221","GP","F",17,"U","GT3","T",4,4,"teacher","teacher","course","mother",2,3,0,"no","yes","no","no","no","yes","yes","yes",4,3,3,4,4,0.74,"2.acceptable"
"222","GP","F",17,"U","LE3","T",4,3,"health","other","reputation","father",1,2,0,"no","no","no","yes","yes","yes","yes","yes",3,2,3,3,0,0.67,"2.acceptable"
"223","GP","M",16,"R","GT3","T",2,2,"at_home","other","course","mother",3,1,0,"no","no","no","no","no","yes","no","no",4,2,2,3,4,0.66,"2.acceptable"
"224","GP","M",16,"U","GT3","T",4,4,"teacher","teacher","course","mother",1,1,0,"no","yes","no","no","yes","no","yes","yes",3,3,2,5,16,0.61,"2.acceptable"
"225","GP","M",18,"U","GT3","T",2,1,"other","other","home","mother",1,2,0,"no","no","no","yes","yes","yes","yes","no",5,2,4,4,2,0.77,"2.acceptable"
"226","GP","M",16,"U","GT3","T",4,4,"teacher","teacher","course","father",1,2,0,"no","yes","no","yes","yes","yes","yes","no",5,4,4,5,6,0.77,"2.acceptable"
"227","GP","F",16,"U","LE3","T",2,4,"other","health","course","father",2,2,0,"no","yes","no","yes","yes","yes","yes","yes",4,2,2,5,2,0.67,"2.acceptable"
"228","GP","M",16,"U","GT3","T",4,4,"teacher","teacher","course","father",1,2,0,"no","yes","no","yes","yes","yes","yes","no",5,4,4,5,6,0.37,"2.acceptable"
"229","GP","M",16,"U","GT3","T",4,4,"teacher","teacher","course","mother",1,1,0,"no","yes","no","no","yes","no","yes","yes",3,3,2,5,16,0.61,"2.acceptable"
"230","MS","F",17,"R","GT3","T",4,4,"teacher","services","other","father",2,2,0,"no","yes","yes","yes","yes","yes","yes","no",4,3,3,5,2,0.64,"2.acceptable"
"231","MS","F",19,"R","GT3","T",2,3,"services","other","course","mother",1,3,1,"no","no","no","yes","no","yes","yes","no",5,4,2,5,4,0.26,"2.acceptable"
"232","GP","F",18,"U","GT3","T",2,2,"at_home","at_home","other","mother",1,3,0,"no","yes","no","no","yes","yes","yes","no",4,3,3,2,0,0.95,"2.acceptable"
"233","MS","F",18,"U","GT3","T",2,3,"at_home","services","course","father",2,1,0,"no","yes","no","no","yes","yes","yes","yes",5,2,3,4,0,0.51,"2.acceptable"
"234","GP","F",16,"U","GT3","T",3,4,"at_home","other","course","mother",1,2,0,"no","yes","no","no","yes","yes","yes","no",2,4,3,3,14,0.41,"2.acceptable"
"235","GP","M",16,"U","LE3","T",4,3,"services","other","reputation","mother",1,2,0,"no","yes","no","yes","yes","yes","yes","no",5,4,2,5,6,0.72,"2.acceptable"
"236","GP","F",16,"U","LE3","T",2,2,"at_home","other","course","mother",1,2,0,"no","yes","no","no","yes","yes","no","no",4,3,4,2,6,0.44,"2.acceptable"
"237","MS","F",17,"R","GT3","T",4,4,"teacher","services","other","father",2,2,0,"no","yes","yes","yes","yes","yes","yes","no",4,3,3,5,2,0.64,"2.acceptable"
"238","GP","M",17,"U","GT3","T",4,4,"services","teacher","home","mother",1,1,0,"no","no","no","no","yes","yes","yes","no",5,2,3,5,4,0.77,"2.acceptable"
"239","GP","F",16,"U","LE3","T",4,4,"teacher","teacher","reputation","mother",1,2,0,"no","yes","no","no","yes","yes","yes","no",4,5,2,3,0,0.54,"2.acceptable"
"240","MS","F",17,"U","LE3","A",3,2,"services","other","reputation","mother",2,2,0,"no","no","no","no","yes","yes","no","yes",1,2,3,5,0,0.67,"2.acceptable"
"241","GP","M",19,"R","GT3","T",3,3,"other","services","reputation","father",1,2,0,"no","no","no","yes","yes","yes","no","yes",4,5,3,5,0,0.59,"2.acceptable"
"242","GP","F",16,"U","GT3","T",3,3,"other","other","home","father",1,2,0,"no","yes","no","no","yes","yes","no","no",4,3,2,5,0,0.59,"2.acceptable"
"243","MS","F",17,"U","LE3","A",3,2,"services","other","reputation","mother",2,2,0,"no","no","no","no","yes","yes","no","yes",1,2,3,5,0,0.67,"2.acceptable"
"244","GP","F",17,"U","GT3","T",2,2,"other","other","course","mother",1,2,0,"no","yes","no","no","no","yes","yes","no",5,4,5,5,12,0.64,"2.acceptable"
"245","GP","F",16,"U","GT3","T",3,1,"services","other","course","mother",1,4,0,"yes","yes","no","no","yes","yes","yes","no",4,3,3,5,0,0.41,"2.acceptable"
"246","GP","F",18,"U","LE3","T",4,3,"other","other","home","other",2,2,0,"no","yes","no","no","yes","yes","yes","yes",4,4,5,2,0,0.57,"2.acceptable"
"247","GP","M",15,"U","GT3","T",2,2,"services","services","home","father",1,4,0,"no","yes","no","yes","yes","yes","yes","no",5,5,4,5,6,0.72,"2.acceptable"
"248","GP","F",17,"U","GT3","T",4,3,"health","services","reputation","mother",1,3,0,"no","yes","no","no","yes","yes","yes","no",4,2,2,3,0,0.85,"2.acceptable"
"249","GP","M",19,"R","GT3","T",3,3,"other","services","reputation","father",1,2,0,"no","no","no","yes","yes","yes","no","yes",4,5,3,5,0,0.59,"2.acceptable"
"250","GP","F",17,"U","GT3","T",4,3,"health","services","reputation","mother",1,3,0,"no","yes","no","no","yes","yes","yes","no",4,2,2,3,0,0.85,"2.acceptable"
"251","MS","F",19,"R","GT3","T",2,3,"services","other","course","mother",1,3,1,"no","no","no","yes","no","yes","yes","no",5,4,2,5,4,0.26,"2.acceptable"
"252","GP","M",18,"U","LE3","T",4,3,"teacher","services","course","mother",2,1,0,"no","no","no","yes","yes","yes","yes","no",4,2,3,1,0,0.51,"2.acceptable"
"253","GP","F",16,"U","LE3","T",4,4,"teacher","teacher","reputation","mother",1,2,0,"no","yes","no","no","yes","yes","yes","no",4,5,2,3,0,0.54,"2.acceptable"
"254","GP","F",17,"U","GT3","A",2,2,"at_home","at_home","home","father",1,2,0,"no","yes","no","no","yes","yes","yes","yes",3,3,1,4,18,0.37,"2.acceptable"
"255","GP","M",17,"U","GT3","T",1,1,"other","other","reputation","father",1,2,0,"no","no","no","no","no","yes","yes","no",4,3,3,4,0,0.59,"2.acceptable"
"256","GP","F",16,"U","GT3","T",4,4,"health","other","home","mother",1,1,0,"no","yes","no","no","yes","yes","yes","no",4,4,4,2,6,0.8,"2.acceptable"
"257","GP","F",18,"U","GT3","T",2,2,"at_home","at_home","other","mother",1,3,0,"no","yes","no","no","yes","yes","yes","no",4,3,3,2,0,0.95,"2.acceptable"
"258","GP","M",15,"U","GT3","T",4,3,"teacher","other","course","mother",2,2,0,"no","yes","no","no","yes","yes","yes","no",5,4,3,3,0,0.62,"2.acceptable"
"259","GP","M",15,"U","GT3","T",2,3,"other","other","home","mother",1,3,0,"yes","no","no","no","no","yes","yes","no",5,3,2,5,2,0.51,"2.acceptable"
"260","GP","M",16,"U","GT3","T",4,4,"teacher","teacher","course","mother",1,1,0,"no","yes","no","no","yes","no","yes","yes",3,3,2,5,16,0.21,"2.acceptable"
"261","GP","F",16,"U","GT3","T",4,4,"other","other","reputation","mother",1,1,0,"no","no","no","yes","no","yes","yes","no",5,3,4,1,4,0.69,"2.acceptable"
"262","GP","M",15,"U","GT3","T",2,2,"other","other","home","mother",1,1,0,"no","yes","no","no","yes","yes","yes","no",4,2,2,5,8,0.59,"2.acceptable"
"263","MS","F",17,"R","GT3","T",1,2,"other","services","course","father",2,2,0,"no","no","no","no","no","yes","no","no",3,2,2,3,0,0.64,"2.acceptable"
"264","MS","F",17,"R","GT3","T",1,1,"other","services","reputation","mother",3,1,1,"no","yes","no","no","yes","yes","yes","yes",5,2,1,1,0,0.24,"2.acceptable"
"265","GP","M",16,"R","GT3","T",2,2,"at_home","other","course","mother",3,1,0,"no","no","no","no","no","yes","no","no",4,2,2,3,4,0.66,"2.acceptable"
"266","GP","M",16,"U","GT3","T",1,2,"services","services","other","mother",1,1,0,"no","yes","no","yes","yes","yes","yes","yes",3,3,3,3,0,0.56,"2.acceptable"
"267","GP","M",18,"U","LE3","T",4,3,"teacher","services","course","mother",2,1,0,"no","no","no","yes","yes","yes","yes","no",4,2,3,1,0,0.51,"2.acceptable"
"268","MS","M",18,"U","LE3","T",1,1,"other","services","home","father",2,1,0,"no","no","no","no","no","yes","yes","yes",3,3,2,3,2,0.62,"2.acceptable"
"269","GP","M",15,"U","GT3","T",2,2,"other","other","home","mother",1,1,0,"no","yes","no","no","yes","yes","yes","no",4,2,2,5,8,0.59,"2.acceptable"
"270","MS","F",17,"R","GT3","T",1,1,"other","services","reputation","mother",3,1,1,"no","yes","no","no","yes","yes","yes","yes",5,2,1,1,0,0.24,"2.acceptable"
"271","GP","M",16,"U","GT3","T",4,4,"teacher","teacher","course","father",1,2,0,"no","yes","no","yes","yes","yes","yes","no",5,4,4,5,6,0.77,"2.acceptable"
"272","GP","M",16,"U","GT3","T",4,4,"services","services","course","mother",1,1,0,"no","no","yes","yes","yes","yes","yes","no",5,3,2,5,4,0.69,"2.acceptable"
"273","GP","F",15,"U","GT3","T",1,2,"at_home","services","course","mother",1,2,0,"no","no","no","no","no","yes","yes","no",3,2,3,1,0,0.74,"2.acceptable"
"274","GP","F",17,"U","GT3","A",2,1,"other","other","course","mother",2,3,0,"no","no","no","yes","yes","yes","yes","yes",3,2,3,3,0,0.72,"2.acceptable"
"275","GP","M",15,"U","GT3","T",3,4,"other","other","reputation","father",1,1,0,"no","no","no","no","yes","yes","yes","no",3,4,3,4,2,0.69,"2.acceptable"
"276","GP","M",15,"U","GT3","T",2,3,"other","other","home","mother",1,3,0,"yes","no","no","no","no","yes","yes","no",5,3,2,5,2,0.51,"2.acceptable"
"277","GP","M",15,"U","GT3","T",2,2,"services","services","home","father",1,4,0,"no","yes","no","yes","yes","yes","yes","no",5,5,4,5,6,0.72,"2.acceptable"
"278","GP","M",19,"R","GT3","T",3,3,"other","services","reputation","father",1,2,0,"no","no","no","yes","yes","yes","no","yes",4,5,3,5,0,0.59,"2.acceptable"
"279","GP","F",17,"U","GT3","T",3,2,"health","health","reputation","father",1,4,0,"no","yes","no","yes","no","yes","yes","no",5,2,2,5,0,0.92,"2.acceptable"
"280","GP","F",16,"U","GT3","T",3,1,"services","other","course","mother",1,4,0,"yes","yes","no","no","yes","yes","yes","no",4,3,3,5,0,0.41,"2.acceptable"
"281","GP","M",19,"R","GT3","T",3,3,"other","services","reputation","father",1,2,0,"no","no","no","yes","yes","yes","no","yes",4,5,3,5,0,0.59,"2.acceptable"
"282","GP","F",17,"U","GT3","T",4,3,"health","services","reputation","mother",1,3,0,"no","yes","no","no","yes","yes","yes","no",4,2,2,3,0,0.85,"2.acceptable"
"283","GP","M",16,"U","LE3","T",2,1,"other","other","course","mother",1,2,0,"no","no","no","yes","yes","yes","yes","yes",4,2,3,5,0,0.8,"2.acceptable"
"284","MS","F",17,"U","LE3","A",3,2,"services","other","reputation","mother",2,2,0,"no","no","no","no","yes","yes","no","yes",1,2,3,5,0,0.67,"2.acceptable"
"285","GP","F",15,"U","LE3","T",1,1,"at_home","other","other","mother",1,2,0,"yes","no","no","no","yes","yes","yes","no",4,3,2,3,6,0.57,"3.warried"
"286","GP","M",15,"U","LE3","T",4,4,"health","services","course","father",1,1,0,"no","yes","no","yes","yes","yes","yes","no",4,3,3,5,0,0.67,"3.warried"
"287","GP","M",16,"U","LE3","T",4,3,"health","other","home","father",1,1,0,"no","no","no","yes","yes","yes","yes","no",3,1,3,5,6,0.57,"3.warried"
"288","GP","M",16,"U","LE3","T",4,2,"teacher","other","course","mother",1,2,0,"no","no","no","yes","yes","yes","yes","no",4,5,1,5,0,0.77,"3.warried"
"289","GP","F",16,"U","GT3","T",2,2,"services","services","home","mother",1,1,0,"no","yes","no","no","no","yes","yes","no",1,2,2,5,6,0.52,"3.warried"
"290","GP","F",16,"U","LE3","T",2,2,"other","at_home","course","father",2,2,1,"yes","no","no","yes","yes","yes","yes","no",4,3,3,5,14,0.51,"3.warried"
"291","GP","F",16,"U","LE3","A",3,3,"other","services","home","mother",1,2,0,"no","yes","no","no","yes","yes","yes","no",2,3,5,3,6,0.62,"3.warried"
"292","GP","M",15,"U","GT3","T",4,2,"teacher","other","home","mother",1,2,0,"no","yes","no","no","yes","yes","no","no",4,3,3,5,4,0.69,"3.warried"
"293","GP","F",16,"U","LE3","T",2,2,"services","services","course","mother",3,2,0,"no","yes","no","no","yes","yes","yes","no",4,3,3,4,0,0.67,"3.warried"
"294","GP","F",15,"U","GT3","T",4,4,"services","services","course","mother",1,1,0,"yes","yes","no","no","yes","yes","yes","no",3,3,4,5,0,0.59,"3.warried"
"295","GP","F",16,"R","GT3","T",4,4,"health","teacher","other","mother",1,2,0,"no","yes","no","yes","yes","yes","no","no",2,4,4,4,0,0.7,"3.warried"
"296","GP","F",15,"R","LE3","T",2,2,"health","services","reputation","mother",2,2,0,"yes","yes","no","no","yes","yes","yes","no",4,1,3,4,0,0.49,"3.warried"
"297","GP","F",15,"R","LE3","T",3,1,"other","other","reputation","father",2,4,0,"no","yes","no","no","no","yes","yes","no",4,4,2,3,6,0.79,"3.warried"
"298","GP","M",16,"U","GT3","T",3,1,"other","other","reputation","mother",1,1,0,"no","no","no","yes","yes","yes","no","no",5,3,2,5,0,0.72,"3.warried"
"299","GP","M",15,"U","GT3","T",4,3,"teacher","other","home","mother",1,2,0,"no","yes","no","yes","yes","yes","yes","no",4,3,3,5,0,0.54,"3.warried"
"300","GP","F",16,"U","GT3","T",2,2,"other","other","reputation","mother",1,4,0,"no","no","no","no","yes","yes","yes","yes",5,2,3,3,1,0.62,"3.warried"
"301","GP","M",15,"U","GT3","T",2,3,"other","services","course","father",1,1,0,"yes","yes","no","yes","no","yes","yes","yes",3,2,2,3,0,0.62,"3.warried"
"302","GP","M",15,"U","LE3","T",2,2,"services","services","home","mother",2,2,0,"no","no","yes","yes","yes","yes","yes","no",5,3,3,4,2,0.72,"3.warried"
"303","GP","F",15,"U","GT3","T",1,1,"other","other","home","father",1,2,0,"no","yes","no","yes","no","yes","yes","no",4,3,2,4,2,0.57,"3.warried"
"304","GP","F",15,"U","GT3","T",4,4,"services","services","reputation","father",2,2,0,"no","no","no","no","yes","yes","yes","yes",4,4,4,5,4,0.52,"3.warried"
"305","GP","F",15,"U","GT3","T",4,2,"other","other","reputation","mother",1,3,0,"no","yes","no","yes","yes","yes","yes","no",5,3,3,1,4,0.74,"3.warried"
"306","GP","F",16,"U","GT3","T",3,3,"other","other","home","mother",1,3,0,"no","yes","no","no","yes","yes","yes","yes",4,3,3,4,2,0.49,"3.warried"
"307","GP","F",15,"U","GT3","T",4,3,"services","other","reputation","mother",1,1,0,"no","no","no","yes","yes","yes","yes","no",4,5,5,1,6,0.79,"3.warried"
"308","GP","F",16,"U","LE3","T",3,1,"other","other","home","father",1,2,0,"yes","yes","no","no","yes","yes","no","no",3,3,3,2,0,0.47,"3.warried"
"309","GP","M",17,"R","GT3","T",1,3,"other","other","course","father",3,2,1,"no","yes","no","yes","yes","yes","yes","no",5,2,4,5,14,0.49,"3.warried"
"310","GP","M",16,"U","GT3","T",4,4,"health","other","course","mother",1,1,0,"no","yes","no","yes","yes","yes","yes","no",3,4,4,5,4,0.67,"3.warried"
"311","GP","M",15,"U","GT3","T",3,4,"services","services","home","father",1,1,0,"yes","no","no","no","yes","yes","yes","no",5,5,5,5,2,0.54,"3.warried"
"312","GP","F",15,"R","GT3","T",3,4,"services","teacher","course","father",2,3,0,"no","yes","no","no","yes","yes","yes","yes",4,2,2,5,0,0.32,"3.warried"
"313","GP","F",17,"U","LE3","T",2,2,"other","other","course","father",1,1,0,"no","yes","no","no","yes","yes","yes","yes",3,4,4,5,2,0.62,"3.warried"
"314","GP","F",16,"U","GT3","A",3,4,"services","other","course","father",1,1,0,"no","no","no","no","yes","yes","yes","no",3,2,1,5,12,0.64,"3.warried"
"315","GP","M",16,"U","LE3","T",1,1,"services","other","course","mother",1,2,2,"no","no","no","no","yes","yes","no","yes",4,4,4,5,0,0.56,"3.warried"
"316","GP","M",16,"U","GT3","T",4,4,"services","services","course","mother",1,3,0,"no","yes","no","yes","yes","yes","yes","no",5,3,3,5,0,0.64,"3.warried"
"317","GP","M",16,"U","LE3","T",2,2,"services","services","reputation","father",2,1,0,"no","yes","no","yes","yes","yes","yes","no",2,3,3,2,4,0.51,"3.warried"
"318","GP","F",15,"R","GT3","T",3,3,"services","services","reputation","other",2,3,0,"no","yes","yes","yes","yes","yes","yes","yes",4,2,1,3,2,0.59,"3.warried"
"319","GP","M",17,"R","LE3","T",2,1,"at_home","other","course","mother",2,1,1,"no","no","yes","yes","yes","no","yes","yes",3,3,2,5,8,0.24,"3.warried"
"320","GP","M",17,"U","LE3","T",4,4,"teacher","other","reputation","mother",1,2,0,"no","yes","no","yes","yes","yes","yes","no",4,4,4,5,0,0.51,"3.warried"
"321","GP","F",16,"U","GT3","T",2,2,"services","other","reputation","mother",2,2,0,"no","no","no","yes","no","yes","yes","no",3,4,4,5,0,0.64,"3.warried"
"322","GP","M",17,"U","GT3","T",3,3,"other","other","reputation","father",1,2,0,"no","no","no","yes","no","yes","yes","no",4,3,4,4,4,0.41,"3.warried"
"323","GP","M",16,"U","GT3","T",4,3,"teacher","other","home","mother",1,2,0,"no","yes","yes","yes","yes","yes","yes","no",3,4,3,3,4,0.49,"3.warried"
"324","GP","F",17,"U","GT3","T",2,4,"services","services","reputation","father",1,2,0,"no","yes","no","yes","yes","yes","no","no",5,4,2,5,0,0.87,"3.warried"
"325","GP","F",17,"U","LE3","T",3,3,"other","other","reputation","mother",1,2,0,"no","yes","no","yes","yes","yes","yes","yes",5,3,3,1,32,0.57,"3.warried"
"326","GP","M",17,"U","GT3","T",3,3,"services","services","other","mother",1,2,0,"no","yes","no","yes","yes","yes","yes","yes",4,3,4,4,6,0.64,"3.warried"
"327","GP","F",17,"U","GT3","A",3,3,"health","other","reputation","mother",1,2,0,"no","yes","no","no","no","yes","yes","yes",3,3,3,3,10,0.59,"3.warried"
"328","GP","F",17,"U","GT3","T",4,4,"services","teacher","home","mother",2,1,1,"no","yes","no","no","yes","yes","yes","no",4,2,4,2,30,0.87,"3.warried"
"329","GP","F",16,"U","GT3","T",2,3,"other","other","reputation","mother",1,2,0,"yes","yes","no","yes","yes","yes","no","no",4,4,3,4,4,0.57,"3.warried"
"330","GP","F",17,"U","GT3","T",1,1,"other","other","course","mother",1,2,0,"no","yes","no","no","no","yes","no","no",4,4,4,1,0,0.64,"3.warried"
"331","GP","F",16,"U","GT3","A",3,1,"services","other","course","mother",1,2,0,"no","yes","no","no","yes","yes","yes","no",2,3,3,4,2,0.49,"3.warried"
"332","GP","F",16,"U","GT3","T",1,1,"at_home","other","home","mother",2,1,0,"no","yes","no","no","yes","yes","no","no",4,3,2,5,2,0.59,"3.warried"
"333","GP","F",17,"U","LE3","T",3,2,"other","other","reputation","mother",2,2,0,"no","no","no","no","yes","yes","yes","no",4,4,4,1,2,0.77,"3.warried"
"334","GP","F",17,"U","GT3","T",2,3,"at_home","other","home","father",2,1,0,"no","yes","no","no","yes","yes","no","no",3,3,3,3,4,0.54,"3.warried"
"335","GP","F",17,"U","GT3","T",3,2,"other","other","course","mother",1,2,0,"no","no","no","yes","no","yes","yes","no",5,3,4,3,2,0.82,"3.warried"
"336","GP","M",17,"U","LE3","T",2,3,"services","services","reputation","father",1,2,0,"no","yes","no","no","no","yes","yes","no",5,3,3,3,0,0.59,"3.warried"
"337","GP","M",17,"U","GT3","T",4,4,"teacher","teacher","reputation","mother",1,2,0,"yes","yes","no","yes","yes","yes","yes","yes",4,5,5,2,0,0.57,"3.warried"
"338","GP","M",16,"U","GT3","T",3,2,"at_home","other","reputation","mother",2,3,0,"no","no","no","yes","yes","yes","yes","yes",5,3,3,2,0,0.57,"3.warried"
"339","GP","M",17,"U","LE3","T",4,3,"health","other","course","mother",2,2,0,"no","no","no","yes","yes","yes","yes","yes",2,5,5,5,8,0.69,"3.warried"
"340","GP","M",17,"R","LE3","A",4,4,"teacher","other","course","mother",2,2,0,"no","yes","no","no","yes","yes","yes","no",3,3,3,4,0,0.62,"3.warried"
"341","GP","F",17,"U","GT3","T",4,4,"teacher","services","course","mother",1,2,0,"no","yes","yes","no","yes","yes","yes","yes",5,3,1,5,2,0.54,"3.warried"
"342","GP","M",18,"R","LE3","T",3,3,"other","services","course","mother",1,2,0,"no","yes","no","no","yes","yes","yes","yes",4,3,3,5,8,0.39,"3.warried"
"343","GP","M",16,"U","GT3","T",3,3,"at_home","other","reputation","other",3,2,1,"yes","yes","no","no","no","yes","yes","no",5,3,3,2,4,0.51,"3.warried"
"344","GP","M",16,"R","GT3","T",2,1,"other","other","course","mother",2,1,0,"no","no","no","yes","no","yes","no","no",3,3,2,3,2,0.52,"3.warried"
"345","GP","F",18,"U","GT3","T",4,3,"services","other","home","father",1,2,0,"no","yes","no","no","yes","yes","yes","yes",3,1,2,2,2,0.84,"3.warried"
"346","GP","F",18,"R","GT3","T",4,4,"teacher","other","reputation","mother",2,2,0,"no","no","no","yes","yes","yes","yes","no",4,3,4,4,8,0.59,"3.warried"
"347","GP","M",18,"U","GT3","T",4,2,"health","other","reputation","father",1,2,0,"no","yes","no","yes","yes","yes","yes","yes",5,4,5,5,4,0.62,"3.warried"
"348","GP","F",18,"U","GT3","T",2,3,"other","services","reputation","father",1,4,0,"no","yes","no","yes","yes","yes","yes","yes",4,5,5,2,10,0.77,"3.warried"
"349","GP","M",17,"R","GT3","T",1,2,"at_home","at_home","home","mother",1,2,0,"no","yes","no","yes","no","yes","no","yes",3,5,2,1,2,0.82,"3.warried"
"350","GP","F",17,"U","LE3","T",2,2,"services","other","course","mother",2,2,0,"yes","yes","no","no","yes","yes","yes","yes",4,4,4,5,6,0.62,"3.warried"
"351","GP","M",18,"U","GT3","T",4,4,"teacher","services","home","mother",2,1,0,"no","no","no","yes","yes","yes","yes","no",3,2,4,3,6,0.54,"3.warried"
"352","GP","M",18,"U","GT3","T",4,4,"teacher","services","home","mother",2,1,0,"no","no","no","yes","yes","yes","yes","no",3,2,4,3,6,0.32,"3.warried"
"353","GP","M",18,"U","GT3","T",2,1,"services","services","reputation","mother",1,3,0,"no","no","no","yes","yes","yes","yes","no",4,2,4,2,0,0.74,"3.warried"
"354","GP","M",18,"U","GT3","T",4,2,"teacher","other","home","mother",1,2,0,"no","yes","no","yes","yes","yes","yes","yes",4,3,2,5,2,0.7,"3.warried"
"355","GP","M",17,"U","GT3","T",3,3,"health","other","home","mother",1,1,0,"no","yes","no","no","yes","yes","yes","no",4,4,3,5,0,0.67,"3.warried"
"356","GP","F",19,"U","GT3","T",4,4,"health","other","reputation","other",2,2,0,"no","yes","no","yes","yes","yes","yes","no",2,3,4,2,2,0.34,"3.warried"
"357","GP","M",18,"U","LE3","T",4,4,"teacher","teacher","home","mother",1,1,0,"no","yes","no","no","yes","yes","yes","yes",1,4,2,1,0,0.85,"3.warried"
"358","GP","M",17,"U","LE3","T",4,4,"other","teacher","home","father",2,1,0,"no","no","no","no","yes","yes","yes","no",4,1,1,5,0,0.59,"3.warried"
"359","GP","F",17,"R","LE3","T",2,2,"services","services","course","mother",1,3,0,"no","yes","no","yes","yes","yes","yes","no",3,3,2,3,0,0.54,"3.warried"
"360","GP","F",17,"U","GT3","T",3,1,"services","services","course","father",1,3,0,"no","yes","no","no","no","yes","yes","no",3,4,3,5,0,0.82,"3.warried"
"361","GP","F",17,"U","LE3","T",0,2,"at_home","at_home","home","father",2,3,0,"no","no","no","no","yes","yes","yes","no",3,3,3,2,0,0.77,"3.warried"
"362","GP","M",18,"U","GT3","T",4,4,"other","other","course","mother",1,3,0,"no","no","no","yes","yes","yes","yes","no",4,3,3,3,0,0.62,"3.warried"
"363","GP","F",17,"U","GT3","T",4,4,"teacher","services","course","mother",1,3,0,"no","yes","no","yes","yes","yes","yes","no",5,4,4,4,0,0.57,"3.warried"
"364","GP","F",17,"U","GT3","T",3,4,"services","other","course","mother",1,3,0,"no","no","no","no","yes","yes","yes","no",4,4,5,5,8,0.74,"3.warried"
"365","GP","F",17,"U","GT3","T",3,2,"other","other","home","mother",1,2,0,"no","yes","no","no","yes","yes","yes","yes",4,3,2,2,0,0.39,"3.warried"
"366","GP","F",17,"R","GT3","A",3,2,"other","other","home","mother",1,2,0,"no","yes","no","no","yes","yes","yes","no",4,3,3,2,0,0.67,"3.warried"
"367","GP","M",18,"U","GT3","T",4,4,"teacher","services","home","father",1,2,0,"no","yes","no","yes","yes","yes","yes","no",4,3,3,2,0,0.57,"3.warried"
"368","GP","M",18,"U","GT3","T",4,4,"teacher","services","home","father",1,2,0,"no","yes","no","yes","yes","yes","yes","no",4,3,3,2,0,0.34,"3.warried"
"369","GP","M",18,"U","LE3","T",3,4,"services","other","home","mother",1,2,0,"no","no","no","yes","yes","yes","yes","yes",4,3,3,5,6,0.82,"3.warried"
"370","GP","F",18,"U","GT3","T",3,2,"other","services","other","mother",1,3,0,"no","no","no","no","yes","yes","yes","yes",5,4,3,1,4,0.8,"3.warried"
"371","GP","M",18,"U","GT3","T",4,3,"teacher","other","course","mother",1,3,0,"no","yes","no","no","yes","yes","yes","yes",5,4,5,5,0,0.59,"3.warried"
"372","GP","F",17,"U","GT3","T",4,3,"health","other","reputation","mother",1,3,0,"no","yes","no","yes","yes","yes","yes","yes",4,4,3,4,0,0.72,"3.warried"
"373","MS","M",17,"U","GT3","T",3,3,"health","other","course","mother",2,2,1,"no","yes","no","no","yes","yes","yes","no",4,5,4,3,4,0.59,"3.warried"
"374","MS","M",18,"U","LE3","T",1,3,"at_home","services","course","mother",1,1,0,"no","no","no","no","yes","no","yes","yes",4,3,3,3,0,0.44,"3.warried"
"375","MS","F",18,"U","GT3","T",1,1,"other","other","course","mother",3,2,2,"no","no","no","yes","yes","yes","no","yes",3,4,4,5,3,0.18,"3.warried"
"376","MS","M",17,"R","GT3","T",4,3,"services","other","home","mother",2,2,1,"no","yes","yes","yes","no","yes","yes","yes",4,5,5,2,4,0.56,"3.warried"
"377","MS","F",18,"U","GT3","T",3,3,"services","services","other","mother",2,2,0,"no","yes","no","no","yes","yes","yes","yes",4,3,2,3,6,0.59,"3.warried"
"378","MS","M",18,"U","LE3","T",4,4,"teacher","services","other","mother",2,3,0,"no","no","no","no","yes","yes","yes","yes",4,2,2,5,0,0.75,"3.warried"
"379","MS","M",18,"R","LE3","T",1,2,"at_home","services","other","father",3,1,0,"no","yes","no","yes","yes","no","yes","yes",4,3,3,3,3,0.56,"3.warried"
"380","MS","F",17,"R","GT3","T",1,2,"other","other","course","mother",1,1,0,"no","no","no","yes","yes","yes","yes","no",3,5,5,1,4,0.36,"3.warried"
"381","MS","F",17,"R","GT3","T",3,1,"at_home","other","reputation","mother",1,2,0,"no","yes","no","yes","no","yes","yes","no",4,5,4,1,10,0.49,"3.warried"
"382","MS","M",18,"U","GT3","T",4,4,"teacher","teacher","home","father",1,2,0,"no","no","no","yes","no","yes","yes","no",3,2,4,2,4,0.85,"3.warried"
"383","MS","M",18,"R","GT3","T",2,1,"other","other","other","mother",2,1,0,"no","no","no","yes","no","yes","yes","yes",4,4,3,5,0,0.18,"3.warried"
"384","MS","M",19,"R","GT3","T",1,1,"other","services","other","mother",2,1,1,"no","no","no","no","yes","yes","no","no",4,3,2,5,0,0,"3.warried"
"385","MS","F",18,"R","GT3","T",2,2,"at_home","other","other","mother",2,3,0,"no","no","no","no","yes","yes","no","no",5,3,3,4,0,0.64,"3.warried"
"386","MS","F",18,"R","GT3","T",4,4,"teacher","at_home","reputation","mother",3,1,0,"no","yes","no","yes","yes","yes","yes","yes",4,4,3,5,4,0.41,"3.warried"
"387","GP","M",15,"U","GT3","T",4,2,"teacher","other","home","mother",1,2,0,"no","yes","no","no","yes","yes","no","no",4,3,3,5,4,0.69,"3.warried"
"388","GP","F",17,"R","LE3","T",2,2,"services","services","course","mother",1,3,0,"no","yes","no","yes","yes","yes","yes","no",3,3,2,3,0,0.54,"3.warried"
"389","GP","F",18,"U","GT3","T",4,3,"services","other","home","father",1,2,0,"no","yes","no","no","yes","yes","yes","yes",3,1,2,2,2,0.84,"3.warried"
"390","GP","M",18,"U","GT3","T",2,1,"services","services","reputation","mother",1,3,0,"no","no","no","yes","yes","yes","yes","no",4,2,4,2,0,0.74,"3.warried"
"391","GP","M",16,"U","GT3","T",3,3,"at_home","other","reputation","other",3,2,1,"yes","yes","no","no","no","yes","yes","no",5,3,3,2,4,0.51,"3.warried"
"392","MS","F",18,"R","GT3","T",4,4,"teacher","at_home","reputation","mother",3,1,0,"no","yes","no","yes","yes","yes","yes","yes",4,4,3,5,4,0.41,"3.warried"
"393","GP","F",15,"U","GT3","T",4,4,"services","services","course","mother",1,1,0,"yes","yes","no","no","yes","yes","yes","no",3,3,4,5,0,0.59,"3.warried"
"394","GP","F",17,"U","LE3","T",3,3,"other","other","reputation","mother",1,2,0,"no","yes","no","yes","yes","yes","yes","yes",5,3,3,1,32,0.57,"3.warried"
"395","GP","M",16,"U","LE3","T",2,2,"services","services","reputation","father",2,1,0,"no","yes","no","yes","yes","yes","yes","no",2,3,3,2,4,0.51,"3.warried"
"396","GP","F",15,"U","GT3","T",1,1,"other","other","home","father",1,2,0,"no","yes","no","yes","no","yes","yes","no",4,3,2,4,2,0.57,"3.warried"
"397","GP","F",17,"U","LE3","T",3,3,"other","other","reputation","mother",1,2,0,"no","yes","no","yes","yes","yes","yes","yes",5,3,3,1,32,0.57,"3.warried"
"398","GP","F",17,"R","GT3","A",3,2,"other","other","home","mother",1,2,0,"no","yes","no","no","yes","yes","yes","no",4,3,3,2,0,0.67,"3.warried"
"399","MS","M",17,"R","GT3","T",4,3,"services","other","home","mother",2,2,1,"no","yes","yes","yes","no","yes","yes","yes",4,5,5,2,4,0.56,"3.warried"
"400","GP","F",17,"U","GT3","T",3,2,"other","other","course","mother",1,2,0,"no","no","no","yes","no","yes","yes","no",5,3,4,3,2,0.82,"3.warried"
"401","GP","F",17,"R","GT3","A",3,2,"other","other","home","mother",1,2,0,"no","yes","no","no","yes","yes","yes","no",4,3,3,2,0,0.67,"3.warried"
"402","GP","M",18,"U","GT3","T",4,2,"teacher","other","home","mother",1,2,0,"no","yes","no","yes","yes","yes","yes","yes",4,3,2,5,2,0.7,"3.warried"
"403","MS","M",17,"U","GT3","T",3,3,"health","other","course","mother",2,2,1,"no","yes","no","no","yes","yes","yes","no",4,5,4,3,4,0.59,"3.warried"
"404","GP","M",18,"U","LE3","T",3,4,"services","other","home","mother",1,2,0,"no","no","no","yes","yes","yes","yes","yes",4,3,3,5,6,0.82,"3.warried"
"405","GP","F",15,"U","GT3","T",4,4,"services","services","course","mother",1,1,0,"yes","yes","no","no","yes","yes","yes","no",3,3,4,5,0,0.59,"3.warried"
"406","GP","F",15,"U","LE3","T",1,1,"at_home","other","other","mother",1,2,0,"yes","no","no","no","yes","yes","yes","no",4,3,2,3,6,0.57,"3.warried"
"407","MS","M",18,"R","LE3","T",1,2,"at_home","services","other","father",3,1,0,"no","yes","no","yes","yes","no","yes","yes",4,3,3,3,3,0.56,"3.warried"
"408","GP","M",15,"U","LE3","T",4,4,"health","services","course","father",1,1,0,"no","yes","no","yes","yes","yes","yes","no",4,3,3,5,0,0.67,"3.warried"
"409","GP","F",17,"U","LE3","T",3,3,"other","other","reputation","mother",1,2,0,"no","yes","no","yes","yes","yes","yes","yes",5,3,3,1,32,0.57,"3.warried"
"410","GP","M",17,"U","GT3","T",3,3,"other","other","reputation","father",1,2,0,"no","no","no","yes","no","yes","yes","no",4,3,4,4,4,0.41,"3.warried"
"411","GP","F",19,"U","GT3","T",4,4,"health","other","reputation","other",2,2,0,"no","yes","no","yes","yes","yes","yes","no",2,3,4,2,2,0.34,"3.warried"
"412","GP","M",16,"U","GT3","T",3,1,"other","other","reputation","mother",1,1,0,"no","no","no","yes","yes","yes","no","no",5,3,2,5,0,0.72,"3.warried"
"413","GP","F",18,"U","GT3","T",3,2,"other","services","other","mother",1,3,0,"no","no","no","no","yes","yes","yes","yes",5,4,3,1,4,0.8,"3.warried"
"414","MS","M",18,"R","GT3","T",2,1,"other","other","other","mother",2,1,0,"no","no","no","yes","no","yes","yes","yes",4,4,3,5,0,0.18,"3.warried"
"415","MS","M",19,"R","GT3","T",1,1,"other","services","other","mother",2,1,1,"no","no","no","no","yes","yes","no","no",4,3,2,5,0,0,"3.warried"
"416","MS","M",19,"R","GT3","T",1,1,"other","services","other","mother",2,1,1,"no","no","no","no","yes","yes","no","no",4,3,2,5,0,0,"3.warried"
"417","GP","M",15,"U","GT3","T",4,2,"teacher","other","home","mother",1,2,0,"no","yes","no","no","yes","yes","no","no",4,3,3,5,4,0.69,"3.warried"
"418","GP","M",18,"U","GT3","T",4,4,"other","other","course","mother",1,3,0,"no","no","no","yes","yes","yes","yes","no",4,3,3,3,0,0.62,"3.warried"
"419","GP","F",17,"U","GT3","T",2,3,"at_home","other","home","father",2,1,0,"no","yes","no","no","yes","yes","no","no",3,3,3,3,4,0.54,"3.warried"
"420","GP","F",16,"U","LE3","T",3,1,"other","other","home","father",1,2,0,"yes","yes","no","no","yes","yes","no","no",3,3,3,2,0,0.47,"3.warried"
"421","GP","M",16,"U","GT3","T",3,1,"other","other","reputation","mother",1,1,0,"no","no","no","yes","yes","yes","no","no",5,3,2,5,0,0.72,"3.warried"
"422","GP","F",17,"U","GT3","T",3,1,"services","services","course","father",1,3,0,"no","yes","no","no","no","yes","yes","no",3,4,3,5,0,0.82,"3.warried"
"423","GP","M",16,"U","GT3","T",3,1,"other","other","reputation","mother",1,1,0,"no","no","no","yes","yes","yes","no","no",5,3,2,5,0,0.72,"3.warried"
"424","GP","M",18,"U","LE3","T",3,4,"services","other","home","mother",1,2,0,"no","no","no","yes","yes","yes","yes","yes",4,3,3,5,6,0.82,"3.warried"
"425","GP","F",16,"U","GT3","T",2,2,"services","other","reputation","mother",2,2,0,"no","no","no","yes","no","yes","yes","no",3,4,4,5,0,0.64,"3.warried"
"426","GP","F",16,"U","GT3","T",1,1,"at_home","other","home","mother",2,1,0,"no","yes","no","no","yes","yes","no","no",4,3,2,5,2,0.59,"3.warried"
"427","GP","M",17,"U","GT3","T",3,2,"services","services","course","mother",1,1,3,"no","yes","yes","yes","yes","yes","yes","no",5,5,5,5,2,0.31,"4.Serious"
"428","GP","M",16,"U","LE3","T",2,2,"other","other","reputation","mother",2,2,0,"no","yes","no","yes","yes","yes","yes","no",5,4,4,5,2,0.56,"4.Serious"
"429","GP","M",15,"U","GT3","T",4,2,"health","services","other","mother",1,1,0,"no","no","no","no","yes","yes","yes","no",2,2,4,1,0,0.66,"4.Serious"
"430","GP","M",16,"U","GT3","T",4,4,"teacher","teacher","home","mother",1,2,0,"no","yes","yes","yes","yes","yes","yes","yes",4,4,5,5,4,0.59,"4.Serious"
"431","GP","M",15,"U","GT3","T",4,4,"health","services","home","mother",1,2,0,"no","yes","yes","no","no","yes","yes","no",5,4,2,5,0,0.59,"4.Serious"
"432","GP","M",15,"U","LE3","T",4,4,"teacher","other","home","other",1,1,0,"no","yes","no","no","no","yes","yes","yes",5,4,3,5,8,0.59,"4.Serious"
"433","GP","M",15,"U","LE3","A",4,2,"health","health","other","father",2,1,0,"no","no","no","no","yes","yes","no","no",5,5,5,5,4,0.49,"4.Serious"
"434","GP","F",15,"U","LE3","A",3,3,"other","other","other","mother",1,1,0,"no","no","no","no","yes","yes","yes","no",5,3,4,1,0,0.67,"4.Serious"
"435","GP","F",16,"U","GT3","T",1,1,"services","services","course","father",4,1,0,"yes","yes","no","yes","no","yes","yes","yes",5,5,5,5,0,0.7,"4.Serious"
"436","GP","F",16,"U","GT3","T",4,3,"teacher","health","home","mother",1,3,0,"yes","yes","no","yes","yes","yes","yes","no",3,4,4,4,0,0.57,"4.Serious"
"437","GP","F",15,"U","LE3","T",4,3,"services","services","reputation","father",1,2,0,"yes","no","no","yes","yes","yes","yes","yes",4,4,4,2,0,0.57,"4.Serious"
"438","GP","M",15,"U","GT3","A",4,4,"other","services","reputation","mother",1,4,0,"no","yes","no","yes","no","yes","yes","yes",1,3,3,3,0,0.62,"4.Serious"
"439","GP","F",15,"R","GT3","T",1,1,"other","other","reputation","mother",1,2,0,"yes","yes","no","no","no","yes","yes","yes",3,3,4,5,2,0.41,"4.Serious"
"440","GP","F",16,"U","GT3","T",3,3,"other","services","home","mother",1,2,0,"yes","yes","no","yes","yes","yes","yes","no",4,3,3,5,4,0.56,"4.Serious"
"441","GP","M",16,"U","LE3","A",4,4,"teacher","health","reputation","mother",1,2,0,"no","yes","no","no","yes","yes","no","no",4,1,3,5,6,0.44,"4.Serious"
"442","GP","M",16,"U","GT3","T",4,4,"services","services","other","mother",1,1,0,"yes","yes","no","yes","yes","yes","yes","no",4,5,5,4,12,0.34,"4.Serious"
"443","GP","M",15,"R","GT3","T",4,4,"other","other","home","father",4,4,0,"no","yes","no","yes","yes","yes","yes","yes",1,3,5,1,8,0.61,"4.Serious"
"444","GP","M",16,"R","GT3","T",4,4,"teacher","teacher","course","mother",1,1,0,"no","no","no","yes","yes","yes","yes","no",3,5,5,4,8,0.84,"4.Serious"
"445","GP","M",17,"R","GT3","T",3,4,"at_home","other","course","mother",3,2,0,"no","no","no","no","yes","yes","no","no",5,4,5,5,2,0.26,"4.Serious"
"446","GP","F",16,"U","LE3","T",1,1,"at_home","at_home","course","mother",1,1,0,"no","no","no","no","yes","yes","yes","no",3,4,4,1,4,0.61,"4.Serious"
"447","GP","M",15,"U","LE3","A",2,1,"services","other","course","mother",4,1,0,"no","no","no","no","yes","yes","yes","no",4,5,5,5,0,0.54,"4.Serious"
"448","GP","M",18,"U","LE3","T",1,1,"other","other","course","mother",1,1,2,"no","no","no","no","yes","no","yes","yes",2,3,5,4,0,0,"4.Serious"
"449","GP","M",16,"U","LE3","T",2,1,"at_home","other","course","mother",1,1,1,"no","no","no","yes","yes","yes","no","yes",4,4,4,5,6,0.61,"4.Serious"
"450","GP","M",17,"R","LE3","T",1,2,"other","other","reputation","mother",1,1,3,"no","no","no","no","yes","yes","no","no",2,2,2,5,14,0.59,"4.Serious"
"451","GP","F",18,"R","GT3","T",1,1,"at_home","other","course","mother",3,1,3,"no","yes","no","yes","no","yes","no","no",5,2,5,4,6,0.54,"4.Serious"
"452","GP","M",16,"U","GT3","T",3,3,"other","services","course","father",1,2,1,"no","yes","no","no","yes","yes","yes","yes",4,5,5,5,0,0.33,"4.Serious"
"453","GP","M",17,"R","LE3","T",1,1,"other","services","course","mother",4,2,0,"no","no","no","yes","yes","no","no","yes",5,3,5,5,0,0.39,"4.Serious"
"454","GP","M",16,"U","GT3","T",2,2,"other","other","course","father",1,2,0,"no","no","no","no","yes","no","yes","no",4,3,5,4,0,0.54,"4.Serious"
"455","GP","M",16,"U","GT3","T",3,4,"other","other","course","father",3,1,1,"no","yes","no","yes","no","yes","yes","no",3,4,5,2,4,0.26,"4.Serious"
"456","GP","M",17,"U","LE3","T",4,3,"teacher","other","course","mother",2,2,0,"no","no","no","yes","yes","yes","yes","no",4,4,4,4,0,0.51,"4.Serious"
"457","GP","M",16,"R","GT3","T",4,2,"teacher","services","other","mother",1,1,0,"no","yes","no","yes","yes","yes","yes","yes",4,3,3,3,8,0.51,"4.Serious"
"458","GP","M",17,"R","GT3","T",1,2,"at_home","other","home","mother",1,2,0,"no","no","no","no","yes","yes","no","no",3,1,3,3,6,0.51,"4.Serious"
"459","GP","M",17,"U","GT3","T",1,2,"at_home","services","other","other",2,2,0,"no","no","no","yes","no","yes","yes","no",4,4,4,5,16,0.52,"4.Serious"
"460","GP","M",16,"R","GT3","T",3,3,"services","services","reputation","mother",1,1,0,"no","yes","no","yes","yes","yes","yes","no",4,3,2,5,0,0.51,"4.Serious"
"461","GP","M",16,"R","LE3","T",3,3,"teacher","other","home","father",3,1,0,"no","yes","no","yes","yes","yes","yes","no",3,3,4,3,16,0.57,"4.Serious"
"462","GP","F",16,"U","GT3","T",4,3,"health","other","home","mother",1,2,0,"no","yes","no","yes","yes","yes","yes","no",4,3,5,2,2,0.79,"4.Serious"
"463","GP","F",17,"U","GT3","T",3,4,"at_home","services","home","mother",1,3,1,"no","yes","yes","no","yes","yes","yes","yes",4,4,3,5,14,0.44,"4.Serious"
"464","GP","M",17,"U","LE3","T",4,4,"services","other","home","mother",1,2,0,"no","yes","no","no","yes","yes","yes","yes",5,3,5,3,15,0.64,"4.Serious"
"465","GP","M",18,"U","GT3","T",2,2,"services","other","home","mother",1,2,0,"no","yes","no","yes","yes","yes","yes","no",4,4,4,5,10,0.49,"4.Serious"
"466","GP","F",17,"U","GT3","T",4,3,"other","other","reputation","mother",1,2,0,"no","no","no","no","yes","yes","yes","yes",3,4,5,1,16,0.36,"4.Serious"
"467","GP","M",18,"U","LE3","T",3,3,"services","health","home","father",1,2,0,"no","yes","no","no","yes","yes","yes","no",3,2,4,4,10,0.46,"4.Serious"
"468","GP","M",18,"U","GT3","T",2,2,"other","other","home","mother",2,2,3,"no","yes","yes","no","yes","yes","yes","no",3,3,3,4,9,0.59,"4.Serious"
"469","GP","M",18,"U","LE3","T",2,1,"at_home","other","course","mother",4,2,0,"yes","yes","no","yes","yes","yes","yes","yes",4,3,2,3,2,0.51,"4.Serious"
"470","GP","M",16,"U","GT3","T",4,4,"health","other","reputation","father",1,2,0,"no","yes","no","yes","yes","yes","yes","no",4,2,4,1,0,0.69,"4.Serious"
"471","GP","M",17,"U","LE3","T",2,2,"other","other","home","father",1,2,0,"no","no","no","yes","no","yes","yes","yes",4,4,2,4,0,0.75,"4.Serious"
"472","GP","M",18,"U","GT3","T",2,2,"other","services","reputation","father",1,2,0,"no","no","no","no","yes","no","yes","no",5,5,4,2,16,0.21,"4.Serious"
"473","GP","M",22,"U","GT3","T",3,1,"services","services","other","mother",1,1,3,"no","no","no","no","no","no","yes","yes",5,4,5,1,12,0.33,"4.Serious"
"474","GP","M",16,"U","GT3","T",0,2,"other","other","other","mother",1,1,0,"no","no","no","no","no","yes","yes","no",4,3,2,5,0,0.66,"4.Serious"
"475","GP","M",18,"U","GT3","T",3,2,"services","other","course","mother",2,1,0,"no","no","no","no","yes","no","yes","no",4,4,5,5,8,0.38,"4.Serious"
"476","GP","M",18,"U","GT3","T",2,1,"services","services","other","mother",1,1,2,"no","no","no","no","no","no","yes","no",3,2,5,5,4,0.36,"4.Serious"
"477","GP","M",17,"R","GT3","T",2,1,"other","other","course","mother",1,1,0,"no","no","no","no","no","yes","yes","no",4,4,2,5,0,0.64,"4.Serious"
"478","GP","M",18,"R","LE3","A",3,4,"other","other","reputation","mother",2,2,0,"no","yes","no","yes","yes","yes","yes","no",4,2,5,1,6,0.85,"4.Serious"
"479","GP","M",17,"U","GT3","T",3,1,"services","other","other","mother",1,2,0,"no","no","no","yes","yes","yes","yes","yes",5,4,4,5,0,0.62,"4.Serious"
"480","GP","F",19,"U","GT3","T",3,3,"other","services","home","other",1,2,0,"no","yes","no","yes","yes","yes","yes","no",4,3,5,5,16,0.54,"4.Serious"
"481","GP","M",17,"U","LE3","A",4,1,"services","other","home","mother",2,1,0,"no","no","no","yes","yes","yes","yes","yes",4,5,4,5,22,0.46,"4.Serious"
"482","GP","M",17,"U","LE3","A",3,2,"teacher","services","home","mother",1,1,0,"no","no","no","no","yes","yes","yes","no",4,4,4,3,18,0.59,"4.Serious"
"483","GP","F",17,"R","GT3","T",3,4,"at_home","services","course","father",1,3,0,"no","yes","no","yes","no","yes","yes","no",4,3,4,5,2,0.7,"4.Serious"
"484","GP","F",18,"U","GT3","T",4,4,"teacher","other","course","mother",1,2,0,"no","yes","no","no","yes","yes","yes","no",4,4,4,5,0,0.62,"4.Serious"
"485","GP","M",17,"U","GT3","T",3,3,"other","services","reputation","mother",1,1,0,"no","no","no","yes","no","yes","yes","no",4,3,5,5,0,0.85,"4.Serious"
"486","GP","M",17,"R","GT3","T",2,2,"services","other","course","mother",4,1,0,"no","yes","no","no","yes","yes","yes","no",4,4,5,4,2,0.51,"4.Serious"
"487","GP","M",18,"U","LE3","T",2,2,"other","other","course","mother",1,4,0,"no","yes","yes","yes","yes","yes","yes","no",4,5,5,5,0,0.52,"4.Serious"
"488","MS","M",18,"R","GT3","T",3,2,"other","other","course","mother",2,1,0,"no","yes","no","no","no","yes","yes","no",2,5,5,5,8,0.61,"4.Serious"
"489","MS","M",19,"R","GT3","T",1,1,"other","services","home","other",3,2,1,"no","no","no","no","yes","yes","yes","no",5,4,4,2,8,0.49,"4.Serious"
"490","MS","M",19,"R","GT3","T",1,1,"other","other","home","other",3,1,1,"no","yes","no","no","yes","yes","yes","no",4,4,4,5,4,0.46,"4.Serious"
"491","MS","M",18,"R","GT3","T",1,3,"at_home","other","course","mother",2,2,0,"no","yes","yes","no","yes","yes","no","no",3,3,4,3,0,0.49,"4.Serious"
"492","MS","F",18,"R","GT3","T",4,4,"other","teacher","other","father",3,2,0,"no","yes","no","no","no","yes","yes","yes",3,2,2,5,0,0.28,"4.Serious"
"493","MS","F",18,"R","LE3","T",4,4,"teacher","services","course","mother",1,2,0,"no","no","no","yes","yes","yes","yes","no",5,4,3,2,1,0.62,"4.Serious"
"494","MS","M",18,"R","GT3","T",4,2,"other","other","home","father",2,1,1,"no","no","yes","no","yes","yes","no","no",5,4,3,3,0,0.12,"4.Serious"
"495","MS","M",17,"U","LE3","T",3,1,"services","services","course","mother",2,1,0,"no","no","no","no","no","yes","yes","no",2,4,5,2,6,0.66,"4.Serious"
"496","MS","M",18,"R","LE3","T",3,2,"services","other","course","mother",3,1,0,"no","no","no","no","no","yes","yes","no",4,4,1,5,4,0.54,"4.Serious"
"497","GP","M",16,"U","GT3","T",4,4,"services","services","other","mother",1,1,0,"yes","yes","no","yes","yes","yes","yes","no",4,5,5,4,12,0.34,"4.Serious"
"498","GP","F",17,"U","GT3","T",3,4,"at_home","services","home","mother",1,3,1,"no","yes","yes","no","yes","yes","yes","yes",4,4,3,5,14,0.44,"4.Serious"
"499","GP","F",18,"R","GT3","T",1,1,"at_home","other","course","mother",3,1,3,"no","yes","no","yes","no","yes","no","no",5,2,5,4,6,0.54,"4.Serious"
"500","MS","F",18,"R","LE3","T",4,4,"teacher","services","course","mother",1,2,0,"no","no","no","yes","yes","yes","yes","no",5,4,3,2,1,0.62,"4.Serious"
"501","GP","M",16,"U","GT3","T",2,2,"other","other","course","father",1,2,0,"no","no","no","no","yes","no","yes","no",4,3,5,4,0,0.54,"4.Serious"
"502","GP","F",16,"U","LE3","T",1,1,"at_home","at_home","course","mother",1,1,0,"no","no","no","no","yes","yes","yes","no",3,4,4,1,4,0.61,"4.Serious"
"503","GP","M",16,"R","LE3","T",3,3,"teacher","other","home","father",3,1,0,"no","yes","no","yes","yes","yes","yes","no",3,3,4,3,16,0.57,"4.Serious"
"504","GP","M",15,"R","GT3","T",4,4,"other","other","home","father",4,4,0,"no","yes","no","yes","yes","yes","yes","yes",1,3,5,1,8,0.61,"4.Serious"
"505","GP","M",17,"U","GT3","T",3,1,"services","other","other","mother",1,2,0,"no","no","no","yes","yes","yes","yes","yes",5,4,4,5,0,0.62,"4.Serious"
"506","GP","M",17,"U","GT3","T",3,2,"services","services","course","mother",1,1,3,"no","yes","yes","yes","yes","yes","yes","no",5,5,5,5,2,0.31,"4.Serious"
"507","GP","F",16,"U","GT3","T",1,1,"services","services","course","father",4,1,0,"yes","yes","no","yes","no","yes","yes","yes",5,5,5,5,0,0.7,"4.Serious"
"508","GP","M",16,"U","LE3","T",2,2,"other","other","reputation","mother",2,2,0,"no","yes","no","yes","yes","yes","yes","no",5,4,4,5,2,0.56,"4.Serious"
"509","GP","M",16,"R","GT3","T",3,3,"services","services","reputation","mother",1,1,0,"no","yes","no","yes","yes","yes","yes","no",4,3,2,5,0,0.51,"4.Serious"
"510","GP","M",15,"U","LE3","A",2,1,"services","other","course","mother",4,1,0,"no","no","no","no","yes","yes","yes","no",4,5,5,5,0,0.54,"4.Serious"
"511","GP","M",18,"U","LE3","T",3,3,"services","health","home","father",1,2,0,"no","yes","no","no","yes","yes","yes","no",3,2,4,4,10,0.46,"4.Serious"
"512","GP","M",17,"U","GT3","T",1,2,"at_home","services","other","other",2,2,0,"no","no","no","yes","no","yes","yes","no",4,4,4,5,16,0.52,"4.Serious"
"513","GP","F",15,"U","LE3","A",3,3,"other","other","other","mother",1,1,0,"no","no","no","no","yes","yes","yes","no",5,3,4,1,0,0.67,"4.Serious"
"514","MS","M",18,"R","GT3","T",4,2,"other","other","home","father",2,1,1,"no","no","yes","no","yes","yes","no","no",5,4,3,3,0,0.12,"4.Serious"
"515","GP","M",17,"U","LE3","T",4,4,"services","other","home","mother",1,2,0,"no","yes","no","no","yes","yes","yes","yes",5,3,5,3,15,0.64,"4.Serious"
"516","GP","M",15,"U","GT3","A",4,4,"other","services","reputation","mother",1,4,0,"no","yes","no","yes","no","yes","yes","yes",1,3,3,3,0,0.62,"4.Serious"
"517","GP","M",16,"U","GT3","T",4,4,"health","other","reputation","father",1,2,0,"no","yes","no","yes","yes","yes","yes","no",4,2,4,1,0,0.69,"4.Serious"
"518","GP","M",15,"U","LE3","T",4,4,"teacher","other","home","other",1,1,0,"no","yes","no","no","no","yes","yes","yes",5,4,3,5,8,0.59,"4.Serious"
"519","GP","F",15,"R","GT3","T",1,1,"other","other","reputation","mother",1,2,0,"yes","yes","no","no","no","yes","yes","yes",3,3,4,5,2,0.41,"4.Serious"
"520","MS","M",18,"R","GT3","T",4,2,"other","other","home","father",2,1,1,"no","no","yes","no","yes","yes","no","no",5,4,3,3,0,0.12,"4.Serious"
"521","MS","M",18,"R","GT3","T",3,2,"other","other","course","mother",2,1,0,"no","yes","no","no","no","yes","yes","no",2,5,5,5,8,0.61,"4.Serious"
"522","GP","F",19,"U","GT3","T",3,3,"other","services","home","other",1,2,0,"no","yes","no","yes","yes","yes","yes","no",4,3,5,5,16,0.54,"4.Serious"
"523","GP","M",18,"U","GT3","T",3,2,"services","other","course","mother",2,1,0,"no","no","no","no","yes","no","yes","no",4,4,5,5,8,0.38,"4.Serious"
"524","GP","M",17,"U","GT3","T",3,1,"services","other","other","mother",1,2,0,"no","no","no","yes","yes","yes","yes","yes",5,4,4,5,0,0.62,"4.Serious"
"525","GP","F",16,"U","LE3","T",1,1,"at_home","at_home","course","mother",1,1,0,"no","no","no","no","yes","yes","yes","no",3,4,4,1,4,0.61,"4.Serious"
"526","GP","M",17,"R","GT3","T",3,4,"at_home","other","course","mother",3,2,0,"no","no","no","no","yes","yes","no","no",5,4,5,5,2,0.26,"4.Serious"
"527","MS","M",19,"R","GT3","T",1,1,"other","other","home","other",3,1,1,"no","yes","no","no","yes","yes","yes","no",4,4,4,5,4,0.46,"4.Serious"
"528","MS","M",18,"R","GT3","T",1,3,"at_home","other","course","mother",2,2,0,"no","yes","yes","no","yes","yes","no","no",3,3,4,3,0,0.49,"4.Serious"
"529","GP","M",17,"U","LE3","A",3,2,"teacher","services","home","mother",1,1,0,"no","no","no","no","yes","yes","yes","no",4,4,4,3,18,0.59,"4.Serious"
"530","GP","F",17,"U","GT3","T",4,3,"other","other","reputation","mother",1,2,0,"no","no","no","no","yes","yes","yes","yes",3,4,5,1,16,0.36,"4.Serious"
"531","GP","M",15,"U","LE3","A",2,1,"services","other","course","mother",4,1,0,"no","no","no","no","yes","yes","yes","no",4,5,5,5,0,0.54,"4.Serious"
"532","GP","M",17,"U","LE3","T",2,2,"other","other","home","father",1,2,0,"no","no","no","yes","no","yes","yes","yes",4,4,2,4,0,0.75,"4.Serious"
"533","GP","M",17,"U","LE3","T",2,2,"other","other","home","father",1,2,0,"no","no","no","yes","no","yes","yes","yes",4,4,2,4,0,0.75,"4.Serious"
"534","GP","M",18,"U","GT3","T",2,2,"other","services","reputation","father",1,2,0,"no","no","no","no","yes","no","yes","no",5,5,4,2,16,0.21,"4.Serious"
"535","GP","M",16,"R","GT3","T",3,3,"services","services","reputation","mother",1,1,0,"no","yes","no","yes","yes","yes","yes","no",4,3,2,5,0,0.51,"4.Serious"
"536","GP","M",16,"R","GT3","T",4,2,"teacher","services","other","mother",1,1,0,"no","yes","no","yes","yes","yes","yes","yes",4,3,3,3,8,0.51,"4.Serious"
"537","GP","M",17,"U","LE3","T",4,3,"teacher","other","course","mother",2,2,0,"no","no","no","yes","yes","yes","yes","no",4,4,4,4,0,0.51,"4.Serious"
"538","GP","M",15,"U","LE3","A",4,2,"health","health","other","father",2,1,0,"no","no","no","no","yes","yes","no","no",5,5,5,5,4,0.49,"4.Serious"
"539","GP","M",16,"R","GT3","T",3,3,"services","services","reputation","mother",1,1,0,"no","yes","no","yes","yes","yes","yes","no",4,3,2,5,0,0.51,"4.Serious"
"540","GP","M",17,"R","GT3","T",1,2,"at_home","other","home","mother",1,2,0,"no","no","no","no","yes","yes","no","no",3,1,3,3,6,0.51,"4.Serious"
"541","GP","M",15,"U","GT3","T",4,2,"health","services","other","mother",1,1,0,"no","no","no","no","yes","yes","yes","no",2,2,4,1,0,0.66,"4.Serious"
"542","GP","M",17,"U","GT3","T",1,2,"at_home","services","other","other",2,2,0,"no","no","no","yes","no","yes","yes","no",4,4,4,5,16,0.52,"4.Serious"
"543","GP","F",16,"U","GT3","T",1,1,"services","services","course","father",4,1,0,"yes","yes","no","yes","no","yes","yes","yes",5,5,5,5,0,0.7,"4.Serious"
"544","GP","M",15,"U","LE3","T",4,4,"teacher","other","home","other",1,1,0,"no","yes","no","no","no","yes","yes","yes",5,4,3,5,8,0.59,"4.Serious"
"545","GP","M",18,"U","LE3","T",2,1,"at_home","other","course","mother",4,2,0,"yes","yes","no","yes","yes","yes","yes","yes",4,3,2,3,2,0.51,"4.Serious"
"546","GP","M",17,"U","LE3","A",4,1,"services","other","home","mother",2,1,0,"no","no","no","yes","yes","yes","yes","yes",4,5,4,5,22,0.46,"4.Serious"
"547","GP","M",18,"U","LE3","T",2,1,"at_home","other","course","mother",4,2,0,"yes","yes","no","yes","yes","yes","yes","yes",4,3,2,3,2,0.51,"4.Serious"
"548","GP","M",15,"U","GT3","T",4,2,"health","services","other","mother",1,1,0,"no","no","no","no","yes","yes","yes","no",2,2,4,1,0,0.66,"4.Serious"
"549","GP","F",17,"U","GT3","T",3,4,"at_home","services","home","mother",1,3,1,"no","yes","yes","no","yes","yes","yes","yes",4,4,3,5,14,0.44,"4.Serious"
"550","GP","M",17,"U","GT3","T",3,2,"services","services","course","mother",1,1,3,"no","yes","yes","yes","yes","yes","yes","no",5,5,5,5,2,0.31,"4.Serious"
"551","GP","M",18,"U","LE3","T",2,2,"other","other","course","mother",1,4,0,"no","yes","yes","yes","yes","yes","yes","no",4,5,5,5,0,0.52,"4.Serious"
"552","GP","M",16,"U","GT3","T",4,4,"services","services","other","mother",1,1,0,"yes","yes","no","yes","yes","yes","yes","no",4,5,5,4,12,0.34,"4.Serious"
"553","MS","M",18,"R","LE3","T",3,2,"services","other","course","mother",3,1,0,"no","no","no","no","no","yes","yes","no",4,4,1,5,4,0.54,"4.Serious"
"554","GP","M",17,"U","LE3","A",4,1,"services","other","home","mother",2,1,0,"no","no","no","yes","yes","yes","yes","yes",4,5,4,5,22,0.46,"4.Serious"
"555","MS","M",18,"R","LE3","T",3,2,"services","other","course","mother",3,1,0,"no","no","no","no","no","yes","yes","no",4,4,1,5,4,0.54,"4.Serious"
"556","GP","F",16,"U","GT3","T",4,3,"teacher","health","home","mother",1,3,0,"yes","yes","no","yes","yes","yes","yes","no",3,4,4,4,0,0.57,"4.Serious"
"557","GP","M",16,"U","LE3","T",2,2,"other","other","reputation","mother",2,2,0,"no","yes","no","yes","yes","yes","yes","no",5,4,4,5,2,0.56,"4.Serious"
"558","GP","M",18,"U","GT3","T",2,2,"services","other","home","mother",1,2,0,"no","yes","no","yes","yes","yes","yes","no",4,4,4,5,10,0.49,"4.Serious"
"559","MS","F",18,"R","GT3","T",4,4,"other","teacher","other","father",3,2,0,"no","yes","no","no","no","yes","yes","yes",3,2,2,5,0,0.28,"4.Serious"
"560","GP","F",15,"U","LE3","A",3,3,"other","other","other","mother",1,1,0,"no","no","no","no","yes","yes","yes","no",5,3,4,1,0,0.67,"4.Serious"
"561","GP","F",15,"U","LE3","T",4,3,"services","services","reputation","father",1,2,0,"yes","no","no","yes","yes","yes","yes","yes",4,4,4,2,0,0.57,"4.Serious"
"562","GP","F",16,"U","LE3","T",1,1,"at_home","at_home","course","mother",1,1,0,"no","no","no","no","yes","yes","yes","no",3,4,4,1,4,0.61,"4.Serious"
"563","GP","F",16,"U","GT3","T",4,3,"teacher","health","home","mother",1,3,0,"yes","yes","no","yes","yes","yes","yes","no",3,4,4,4,0,0.57,"4.Serious"
"564","MS","M",17,"U","LE3","T",3,1,"services","services","course","mother",2,1,0,"no","no","no","no","no","yes","yes","no",2,4,5,2,6,0.66,"4.Serious"
"565","GP","M",18,"U","LE3","T",2,2,"other","other","course","mother",1,4,0,"no","yes","yes","yes","yes","yes","yes","no",4,5,5,5,0,0.52,"4.Serious"
"566","GP","M",15,"U","GT3","T",4,4,"health","services","home","mother",1,2,0,"no","yes","yes","no","no","yes","yes","no",5,4,2,5,0,0.59,"4.Serious"
"567","GP","M",18,"U","LE3","T",1,1,"other","other","course","mother",1,1,2,"no","no","no","no","yes","no","yes","yes",2,3,5,4,0,0,"4.Serious"
"568","GP","M",16,"U","LE3","A",4,4,"teacher","health","reputation","mother",1,2,0,"no","yes","no","no","yes","yes","no","no",4,1,3,5,6,0.44,"4.Serious"
